"codigo";"primario";"descricao"
"2";"PROCESSO CÍVEL E DO TRABALHO";"PROCESSO CÍVEL E DO TRABALHO"
"5";"SUPERIOR TRIBUNAL DE JUSTIÇA";"SUPERIOR TRIBUNAL DE JUSTIÇA"
"7";"PROCESSO CÍVEL E DO TRABALHO";"Processo de Conhecimento | Procedimento de Conhecimento | Procedimento Comum Cível"
"22";"PROCESSO CÍVEL E DO TRABALHO";"Processo de Conhecimento | Procedimento de Conhecimento | Procedimento Sumário"
"26";"PROCESSO CÍVEL E DO TRABALHO";"Processo de Conhecimento | Procedimento de Conhecimento | Procedimentos Especiais"
"27";"PROCESSO CÍVEL E DO TRABALHO";"Processo de Conhecimento | Procedimento de Conhecimento | Procedimentos Especiais | Procedimentos Especiais de Jurisdição Contenciosa"
"28";"PROCESSO CÍVEL E DO TRABALHO";"Processo de Conhecimento | Procedimento de Conhecimento | Procedimentos Especiais | Procedimentos Especiais de Jurisdição Contenciosa | Anulação e Substituição de Títulos ao Portador"
"29";"PROCESSO CÍVEL E DO TRABALHO";"Processo de Conhecimento | Procedimento de Conhecimento | Procedimentos Especiais | Procedimentos Especiais de Jurisdição Contenciosa | Apreensão e Depósito de Coisa Vendida com Reserva de Domínio"
"30";"PROCESSO CÍVEL E DO TRABALHO";"Processo de Conhecimento | Procedimento de Conhecimento | Procedimentos Especiais | Procedimentos Especiais de Jurisdição Contenciosa | Arrolamento Comum"
"31";"PROCESSO CÍVEL E DO TRABALHO";"Processo de Conhecimento | Procedimento de Conhecimento | Procedimentos Especiais | Procedimentos Especiais de Jurisdição Contenciosa | Arrolamento Sumário"
"32";"PROCESSO CÍVEL E DO TRABALHO";"Processo de Conhecimento | Procedimento de Conhecimento | Procedimentos Especiais | Procedimentos Especiais de Jurisdição Contenciosa | Consignação em Pagamento"
"34";"PROCESSO CÍVEL E DO TRABALHO";"Processo de Conhecimento | Procedimento de Conhecimento | Procedimentos Especiais | Procedimentos Especiais de Jurisdição Contenciosa | Demarcação / Divisão"
"35";"PROCESSO CÍVEL E DO TRABALHO";"Processo de Conhecimento | Procedimento de Conhecimento | Procedimentos Especiais | Procedimentos Especiais de Jurisdição Contenciosa | Depósito"
"37";"PROCESSO CÍVEL E DO TRABALHO";"Processo de Conhecimento | Procedimento de Conhecimento | Procedimentos Especiais | Procedimentos Especiais de Jurisdição Contenciosa | Embargos de Terceiro Cível"
"38";"PROCESSO CÍVEL E DO TRABALHO";"Processo de Conhecimento | Procedimento de Conhecimento | Procedimentos Especiais | Procedimentos Especiais de Jurisdição Contenciosa | Habilitação"
"39";"PROCESSO CÍVEL E DO TRABALHO";"Processo de Conhecimento | Procedimento de Conhecimento | Procedimentos Especiais | Procedimentos Especiais de Jurisdição Contenciosa | Inventário"
"40";"PROCESSO CÍVEL E DO TRABALHO";"Processo de Conhecimento | Procedimento de Conhecimento | Procedimentos Especiais | Procedimentos Especiais de Jurisdição Contenciosa | Monitória"
"41";"PROCESSO CÍVEL E DO TRABALHO";"Processo de Conhecimento | Procedimento de Conhecimento | Procedimentos Especiais | Procedimentos Especiais de Jurisdição Contenciosa | Nunciação de Obra Nova"
"44";"PROCESSO CÍVEL E DO TRABALHO";"Processo de Conhecimento | Procedimento de Conhecimento | Procedimentos Especiais | Procedimentos Especiais de Jurisdição Contenciosa | Prestação de Contas - Oferecidas"
"45";"PROCESSO CÍVEL E DO TRABALHO";"Processo de Conhecimento | Procedimento de Conhecimento | Procedimentos Especiais | Procedimentos Especiais de Jurisdição Contenciosa | Ação de Exigir Contas"
"46";"PROCESSO CÍVEL E DO TRABALHO";"Processo de Conhecimento | Procedimento de Conhecimento | Procedimentos Especiais | Procedimentos Especiais de Jurisdição Contenciosa | Restauração de Autos Cível"
"47";"PROCESSO CÍVEL E DO TRABALHO";"Processo de Conhecimento | Procedimento de Conhecimento | Procedimentos Especiais | Procedimentos Especiais de Jurisdição Contenciosa | Ação Rescisória"
"48";"PROCESSO CÍVEL E DO TRABALHO";"Processo de Conhecimento | Procedimento de Conhecimento | Procedimentos Especiais | Procedimentos Especiais de Jurisdição Contenciosa | Sobrepartilha"
"49";"PROCESSO CÍVEL E DO TRABALHO";"Processo de Conhecimento | Procedimento de Conhecimento | Procedimentos Especiais | Procedimentos Especiais de Jurisdição Contenciosa | Usucapião"
"50";"PROCESSO CÍVEL E DO TRABALHO";"Processo de Conhecimento | Procedimento de Conhecimento | Procedimentos Especiais | Procedimentos Especiais de Jurisdição Voluntária"
"51";"PROCESSO CÍVEL E DO TRABALHO";"Processo de Conhecimento | Procedimento de Conhecimento | Procedimentos Especiais | Procedimentos Especiais de Jurisdição Voluntária | Abertura, Registro e Cumprimento de Testamento"
"52";"PROCESSO CÍVEL E DO TRABALHO";"Processo de Conhecimento | Procedimento de Conhecimento | Procedimentos Especiais | Procedimentos Especiais de Jurisdição Voluntária | Alienação Judicial de Bens"
"53";"PROCESSO CÍVEL E DO TRABALHO";"Processo de Conhecimento | Procedimento de Conhecimento | Procedimentos Especiais | Procedimentos Especiais de Jurisdição Voluntária | Arrecadação das Coisas Vagas"
"54";"PROCESSO CÍVEL E DO TRABALHO";"Processo de Conhecimento | Procedimento de Conhecimento | Procedimentos Especiais | Procedimentos Especiais de Jurisdição Voluntária | Confirmação de Testamento"
"55";"PROCESSO CÍVEL E DO TRABALHO";"Processo de Conhecimento | Procedimento de Conhecimento | Procedimentos Especiais | Procedimentos Especiais de Jurisdição Voluntária | Declaração de Ausência"
"56";"PROCESSO CÍVEL E DO TRABALHO";"Processo de Conhecimento | Procedimento de Conhecimento | Procedimentos Especiais | Procedimentos Especiais de Jurisdição Voluntária | Especialização de Hipoteca Legal"
"57";"PROCESSO CÍVEL E DO TRABALHO";"Processo de Conhecimento | Procedimento de Conhecimento | Procedimentos Especiais | Procedimentos Especiais de Jurisdição Voluntária | Herança Jacente"
"58";"PROCESSO CÍVEL E DO TRABALHO";"Processo de Conhecimento | Procedimento de Conhecimento | Procedimentos Especiais | Procedimentos Especiais de Jurisdição Voluntária | Interdição"
"59";"PROCESSO CÍVEL E DO TRABALHO";"Processo de Conhecimento | Procedimento de Conhecimento | Procedimentos Especiais | Procedimentos Especiais de Jurisdição Voluntária | Organização e Fiscalização de Fundação"
"60";"PROCESSO CÍVEL E DO TRABALHO";"Processo de Conhecimento | Procedimento de Conhecimento | Procedimentos Especiais | Procedimentos Especiais de Jurisdição Voluntária | Separação Consensual"
"61";"PROCESSO CÍVEL E DO TRABALHO";"Processo de Conhecimento | Procedimento de Conhecimento | Procedimentos Especiais | Procedimentos Especiais de Jurisdição Voluntária | Tutela e Curatela -  Nomeação"
"62";"PROCESSO CÍVEL E DO TRABALHO";"Processo de Conhecimento | Procedimento de Conhecimento | Procedimentos Especiais | Procedimentos Regidos por Outros Códigos, Leis Esparsas e Regimentos"
"63";"PROCESSO CÍVEL E DO TRABALHO";"Processo de Conhecimento | Procedimento de Conhecimento | Procedimentos Especiais | Procedimentos Regidos por Outros Códigos, Leis Esparsas e Regimentos | Ação Civil Coletiva"
"64";"PROCESSO CÍVEL E DO TRABALHO";"Processo de Conhecimento | Procedimento de Conhecimento | Procedimentos Especiais | Procedimentos Regidos por Outros Códigos, Leis Esparsas e Regimentos | Ação Civil de Improbidade Administrativa"
"65";"PROCESSO CÍVEL E DO TRABALHO";"Processo de Conhecimento | Procedimento de Conhecimento | Procedimentos Especiais | Procedimentos Regidos por Outros Códigos, Leis Esparsas e Regimentos | Ação Civil Pública"
"66";"PROCESSO CÍVEL E DO TRABALHO";"Processo de Conhecimento | Procedimento de Conhecimento | Procedimentos Especiais | Procedimentos Regidos por Outros Códigos, Leis Esparsas e Regimentos | Ação Popular"
"69";"PROCESSO CÍVEL E DO TRABALHO";"Processo de Conhecimento | Procedimento de Conhecimento | Procedimentos Especiais | Procedimentos Regidos por Outros Códigos, Leis Esparsas e Regimentos | Alimentos - Lei Especial Nº 5.478/68"
"72";"PROCESSO CÍVEL E DO TRABALHO";"Processo de Conhecimento | Procedimento de Conhecimento | Procedimentos Especiais | Procedimentos Regidos por Outros Códigos, Leis Esparsas e Regimentos | Alteração do Regime de Bens"
"74";"PROCESSO CÍVEL E DO TRABALHO";"Processo de Conhecimento | Procedimento de Conhecimento | Procedimentos Especiais | Procedimentos Regidos por Outros Códigos, Leis Esparsas e Regimentos | Alvará Judicial - Lei 6858/80"
"76";"PROCESSO CÍVEL E DO TRABALHO";"Processo de Conhecimento | Procedimento de Conhecimento | Procedimentos Especiais | Procedimentos Regidos por Outros Códigos, Leis Esparsas e Regimentos | Apreensão de Embarcações"
"77";"PROCESSO CÍVEL E DO TRABALHO";"Processo de Conhecimento | Procedimento de Conhecimento | Procedimentos Especiais | Procedimentos Regidos por Outros Códigos, Leis Esparsas e Regimentos | Arribadas Forçadas"
"79";"PROCESSO CÍVEL E DO TRABALHO";"Processo de Conhecimento | Procedimento de Conhecimento | Procedimentos Especiais | Procedimentos Regidos por Outros Códigos, Leis Esparsas e Regimentos | Regulação de Avaria Grossa"
"80";"PROCESSO CÍVEL E DO TRABALHO";"Processo de Conhecimento | Procedimento de Conhecimento | Procedimentos Especiais | Procedimentos Regidos por Outros Códigos, Leis Esparsas e Regimentos | Avarias"
"81";"PROCESSO CÍVEL E DO TRABALHO";"Processo de Conhecimento | Procedimento de Conhecimento | Procedimentos Especiais | Procedimentos Regidos por Outros Códigos, Leis Esparsas e Regimentos | Busca e Apreensão em Alienação Fiduciária"
"82";"PROCESSO CÍVEL E DO TRABALHO";"Processo de Conhecimento | Procedimento de Conhecimento | Procedimentos Especiais | Procedimentos Regidos por Outros Códigos, Leis Esparsas e Regimentos | Cancelamento de Naturalização"
"83";"PROCESSO CÍVEL E DO TRABALHO";"Processo Cautelar | Cautelar Fiscal"
"84";"PROCESSO CÍVEL E DO TRABALHO";"Processo de Conhecimento | Procedimento de Conhecimento | Procedimentos Especiais | Procedimentos Regidos por Outros Códigos, Leis Esparsas e Regimentos | Cobrança de Cédula de Crédito Industrial"
"85";"PROCESSO CÍVEL E DO TRABALHO";"Processo de Conhecimento | Procedimento de Conhecimento | Procedimentos Especiais | Procedimentos Regidos por Outros Códigos, Leis Esparsas e Regimentos | Compromisso Arbitral"
"86";"PROCESSO CÍVEL E DO TRABALHO";"Processo de Conhecimento | Procedimento de Conhecimento | Procedimentos Especiais | Procedimentos Regidos por Outros Códigos, Leis Esparsas e Regimentos | Consignatória de Aluguéis"
"87";"PROCESSO CÍVEL E DO TRABALHO";"Processo de Conhecimento | Procedimento de Conhecimento | Procedimentos Especiais | Procedimentos Regidos por Outros Códigos, Leis Esparsas e Regimentos | Conversão de Separação Judicial em Divórcio"
"88";"PROCEDIMENTOS ADMINISTRATIVOS";"Correição Parcial ou Reclamação Correicional"
"89";"PROCESSO CÍVEL E DO TRABALHO";"Processo de Conhecimento | Procedimento de Conhecimento | Procedimentos Especiais | Procedimentos Regidos por Outros Códigos, Leis Esparsas e Regimentos | Depósito da Lei 8. 866/94"
"90";"PROCESSO CÍVEL E DO TRABALHO";"Processo de Conhecimento | Procedimento de Conhecimento | Procedimentos Especiais | Procedimentos Regidos por Outros Códigos, Leis Esparsas e Regimentos | Desapropriação"
"91";"PROCESSO CÍVEL E DO TRABALHO";"Processo de Conhecimento | Procedimento de Conhecimento | Procedimentos Especiais | Procedimentos Regidos por Outros Códigos, Leis Esparsas e Regimentos | Desapropriação Imóvel Rural por Interesse Social"
"92";"PROCESSO CÍVEL E DO TRABALHO";"Processo de Conhecimento | Procedimento de Conhecimento | Procedimentos Especiais | Procedimentos Regidos por Outros Códigos, Leis Esparsas e Regimentos | Despejo"
"93";"PROCESSO CÍVEL E DO TRABALHO";"Processo de Conhecimento | Procedimento de Conhecimento | Procedimentos Especiais | Procedimentos Regidos por Outros Códigos, Leis Esparsas e Regimentos | Despejo por Falta de Pagamento"
"94";"PROCESSO CÍVEL E DO TRABALHO";"Processo de Conhecimento | Procedimento de Conhecimento | Procedimentos Especiais | Procedimentos Regidos por Outros Códigos, Leis Esparsas e Regimentos | Despejo por Falta de Pagamento Cumulado Com Cobrança"
"95";"PROCESSO CÍVEL E DO TRABALHO";"Processo de Conhecimento | Procedimento de Conhecimento | Procedimentos Especiais | Procedimentos Regidos por Outros Códigos, Leis Esparsas e Regimentos | Direta de Inconstitucionalidade"
"96";"PROCESSO CÍVEL E DO TRABALHO";"Processo de Conhecimento | Procedimento de Conhecimento | Procedimentos Especiais | Procedimentos Regidos por Outros Códigos, Leis Esparsas e Regimentos | Discriminatória"
"97";"PROCESSO CÍVEL E DO TRABALHO";"Processo de Conhecimento | Procedimento de Conhecimento | Procedimentos Especiais | Procedimentos Regidos por Outros Códigos, Leis Esparsas e Regimentos | Dissolução e Liquidação de Sociedade"
"98";"PROCESSO CÍVEL E DO TRABALHO";"Processo de Conhecimento | Procedimento de Conhecimento | Procedimentos Especiais | Procedimentos Regidos por Outros Códigos, Leis Esparsas e Regimentos | Divórcio Consensual"
"99";"PROCESSO CÍVEL E DO TRABALHO";"Processo de Conhecimento | Procedimento de Conhecimento | Procedimentos Especiais | Procedimentos Regidos por Outros Códigos, Leis Esparsas e Regimentos | Divórcio Litigioso"
"100";"PROCESSO CÍVEL E DO TRABALHO";"Processo de Conhecimento | Procedimento de Conhecimento | Procedimentos Especiais | Procedimentos Regidos por Outros Códigos, Leis Esparsas e Regimentos | Dúvida"
"107";"PROCESSO CÍVEL E DO TRABALHO";"Processo de Conhecimento | Procedimento de Conhecimento | Procedimentos Especiais | Procedimentos Regidos por Outros Códigos, Leis Esparsas e Regimentos | Expropriação da Lei 8.257/91"
"108";"PROCESSO CÍVEL E DO TRABALHO";"Processo de Conhecimento | Procedimento de Conhecimento | Procedimentos Especiais | Procedimentos Regidos por Outros Códigos, Leis Esparsas e Regimentos | Falência de Empresários, Sociedades Empresáriais, Microempresas e Empresas de Pequeno Porte"
"110";"PROCESSO CÍVEL E DO TRABALHO";"Processo de Conhecimento | Procedimento de Conhecimento | Procedimentos Especiais | Procedimentos Regidos por Outros Códigos, Leis Esparsas e Regimentos | Habeas Data"
"111";"PROCESSO CÍVEL E DO TRABALHO";"Processo de Conhecimento | Procedimento de Conhecimento | Procedimentos Especiais | Procedimentos Regidos por Outros Códigos, Leis Esparsas e Regimentos | Habilitação de Crédito"
"112";"PROCESSO CÍVEL E DO TRABALHO";"Processo de Conhecimento | Procedimento de Conhecimento | Procedimentos Especiais | Procedimentos Regidos por Outros Códigos, Leis Esparsas e Regimentos | Homologação de Transação Extrajudicial"
"113";"PROCESSO CÍVEL E DO TRABALHO";"Processo de Conhecimento | Procedimento de Conhecimento | Procedimentos Especiais | Procedimentos Regidos por Outros Códigos, Leis Esparsas e Regimentos | Imissão na Posse"
"114";"PROCESSO CÍVEL E DO TRABALHO";"Processo de Conhecimento | Procedimento de Conhecimento | Procedimentos Especiais | Procedimentos Regidos por Outros Códigos, Leis Esparsas e Regimentos | Impugnação de Crédito"
"115";"PROCESSO CÍVEL E DO TRABALHO";"Processo de Conhecimento | Procedimento de Conhecimento | Procedimentos Especiais | Procedimentos Regidos por Outros Códigos, Leis Esparsas e Regimentos | Inquérito Extrajudicial"
"118";"PROCESSO CÍVEL E DO TRABALHO";"Processo de Conhecimento | Procedimento de Conhecimento | Procedimentos Especiais | Procedimentos Regidos por Outros Códigos, Leis Esparsas e Regimentos | Mandado de Injunção"
"119";"PROCESSO CÍVEL E DO TRABALHO";"Processo de Conhecimento | Procedimento de Conhecimento | Procedimentos Especiais | Procedimentos Regidos por Outros Códigos, Leis Esparsas e Regimentos | Mandado de Segurança Coletivo"
"120";"PROCESSO CÍVEL E DO TRABALHO";"Processo de Conhecimento | Procedimento de Conhecimento | Procedimentos Especiais | Procedimentos Regidos por Outros Códigos, Leis Esparsas e Regimentos | Mandado de Segurança Cível"
"121";"PROCESSO CÍVEL E DO TRABALHO";"Processo de Conhecimento | Procedimento de Conhecimento | Procedimentos Especiais | Procedimentos Regidos por Outros Códigos, Leis Esparsas e Regimentos | Naturalização"
"122";"PROCESSO CÍVEL E DO TRABALHO";"Processo de Conhecimento | Procedimento de Conhecimento | Procedimentos Especiais | Procedimentos Regidos por Outros Códigos, Leis Esparsas e Regimentos | Opção de Nacionalidade"
"123";"PROCESSO CÍVEL E DO TRABALHO";"Processo de Conhecimento | Procedimento de Conhecimento | Procedimentos Especiais | Procedimentos Regidos por Outros Códigos, Leis Esparsas e Regimentos | Averiguação de Paternidade"
"124";"PROCESSO CÍVEL E DO TRABALHO";"Processo de Conhecimento | Procedimento de Conhecimento | Procedimentos Especiais | Procedimentos Regidos por Outros Códigos, Leis Esparsas e Regimentos | Pedido de Resposta ou Retificação da Lei de Imprensa"
"127";"PROCESSO CÍVEL E DO TRABALHO";"Processo de Conhecimento | Procedimento de Conhecimento | Procedimentos Especiais | Procedimentos Regidos por Outros Códigos, Leis Esparsas e Regimentos | Protesto Formado a Bordo"
"128";"PROCESSO CÍVEL E DO TRABALHO";"Processo de Conhecimento | Procedimento de Conhecimento | Procedimentos Especiais | Procedimentos Regidos por Outros Códigos, Leis Esparsas e Regimentos | Recuperação Extrajudicial"
"129";"PROCESSO CÍVEL E DO TRABALHO";"Processo de Conhecimento | Procedimento de Conhecimento | Procedimentos Especiais | Procedimentos Regidos por Outros Códigos, Leis Esparsas e Regimentos | Recuperação Judicial"
"134";"PROCESSO CÍVEL E DO TRABALHO";"Processo de Conhecimento | Procedimento de Conhecimento | Procedimentos Especiais | Procedimentos Regidos por Outros Códigos, Leis Esparsas e Regimentos | Registro Torrens"
"135";"PROCESSO CÍVEL E DO TRABALHO";"Processo de Conhecimento | Procedimento de Conhecimento | Procedimentos Especiais | Procedimentos Regidos por Outros Códigos, Leis Esparsas e Regimentos | Relatório Falimentar"
"136";"PROCESSO CÍVEL E DO TRABALHO";"Processo de Conhecimento | Procedimento de Conhecimento | Procedimentos Especiais | Procedimentos Regidos por Outros Códigos, Leis Esparsas e Regimentos | Remição do Imóvel Hipotecado"
"137";"PROCESSO CÍVEL E DO TRABALHO";"Processo de Conhecimento | Procedimento de Conhecimento | Procedimentos Especiais | Procedimentos Regidos por Outros Códigos, Leis Esparsas e Regimentos | Renovatória de Locação"
"138";"PROCESSO CÍVEL E DO TRABALHO";"Processo de Conhecimento | Procedimento de Conhecimento | Procedimentos Especiais | Procedimentos Regidos por Outros Códigos, Leis Esparsas e Regimentos | Restituição de Coisa ou Dinheiro na Falência do Devedor Empresário"
"140";"PROCESSO CÍVEL E DO TRABALHO";"Processo de Conhecimento | Procedimento de Conhecimento | Procedimentos Especiais | Procedimentos Regidos por Outros Códigos, Leis Esparsas e Regimentos | Revisional de Aluguel"
"141";"PROCESSO CÍVEL E DO TRABALHO";"Processo de Conhecimento | Procedimento de Conhecimento | Procedimentos Especiais | Procedimentos Regidos por Outros Códigos, Leis Esparsas e Regimentos | Separação Litigiosa"
"142";"PROCESSO CÍVEL E DO TRABALHO";"Processo de Conhecimento | Procedimento de Conhecimento | Procedimentos Especiais | Procedimentos Regidos por Outros Códigos, Leis Esparsas e Regimentos | Sonegados"
"143";"PROCESSO CÍVEL E DO TRABALHO";"Processo de Conhecimento | Procedimento de Conhecimento | Procedimentos Especiais | Procedimentos Regidos por Outros Códigos, Leis Esparsas e Regimentos | Suprimento de Idade e/ou Consentimento"
"144";"PROCESSO CÍVEL E DO TRABALHO";"Processo de Conhecimento | Procedimento de Conhecimento | Procedimentos Especiais | Procedimentos Regidos por Outros Códigos, Leis Esparsas e Regimentos | Suspensão de Liminar ou Antecipação de Tutela"
"145";"PROCESSO CÍVEL E DO TRABALHO";"Processo de Conhecimento | Procedimento de Conhecimento | Procedimentos Especiais | Procedimentos Regidos por Outros Códigos, Leis Esparsas e Regimentos | Suspensão de Execução de Sentença"
"150";"PROCESSO CÍVEL E DO TRABALHO";"Processo de Conhecimento | Procedimento de Liquidação"
"151";"PROCESSO CÍVEL E DO TRABALHO";"Processo de Conhecimento | Procedimento de Liquidação | Liquidação por Arbitramento"
"152";"PROCESSO CÍVEL E DO TRABALHO";"Processo de Conhecimento | Procedimento de Liquidação | Liquidação de Sentença pelo Procedimento Comum"
"153";"PROCESSO CÍVEL E DO TRABALHO";"Processo de Conhecimento | Procedimento de Liquidação | Liquidação Provisória por Arbitramento"
"154";"PROCESSO CÍVEL E DO TRABALHO";"Processo de Conhecimento | Procedimento de Liquidação | Liquidação Provisória de Sentença pelo Procedimento Comum"
"155";"PROCESSO CÍVEL E DO TRABALHO";"Processo de Conhecimento | Procedimento de Cumprimento de Sentença/Decisão"
"156";"PROCESSO CÍVEL E DO TRABALHO";"Processo de Conhecimento | Procedimento de Cumprimento de Sentença/Decisão | Cumprimento de sentença"
"157";"PROCESSO CÍVEL E DO TRABALHO";"Processo de Conhecimento | Procedimento de Cumprimento de Sentença/Decisão | Cumprimento Provisório de Sentença"
"158";"PROCESSO CÍVEL E DO TRABALHO";"Processo de Execução"
"159";"PROCESSO CÍVEL E DO TRABALHO";"Processo de Execução | Execução de Título Extrajudicial"
"165";"PROCESSO CÍVEL E DO TRABALHO";"Processo de Execução | Insolvência Civil"
"166";"PROCESSO CÍVEL E DO TRABALHO";"Processo de Execução | Insolvência Civil | Insolvência Requerida pelo Credor"
"167";"PROCESSO CÍVEL E DO TRABALHO";"Processo de Execução | Insolvência Civil | Insolvência Requerida pelo Devedor ou pelo Espólio"
"169";"PROCESSO CÍVEL E DO TRABALHO";"Processo de Execução | Embargos"
"170";"PROCESSO CÍVEL E DO TRABALHO";"Processo de Execução | Embargos | Embargos à Adjudicação"
"171";"PROCESSO CÍVEL E DO TRABALHO";"Processo de Execução | Embargos | Embargos à Arrematação"
"172";"PROCESSO CÍVEL E DO TRABALHO";"Processo de Execução | Embargos | Embargos à Execução"
"173";"PROCESSO CÍVEL E DO TRABALHO";"Processo de Execução | Embargos | Embargos de Retenção por Benfeitorias"
"175";"PROCESSO CÍVEL E DO TRABALHO";"Processo Cautelar"
"176";"PROCESSO CÍVEL E DO TRABALHO";"Processo Cautelar | Alimentos - Provisionais"
"177";"PROCESSO CÍVEL E DO TRABALHO";"Processo Cautelar | Apreensão de  Títulos"
"178";"PROCESSO CÍVEL E DO TRABALHO";"Processo Cautelar | Arresto "
"179";"PROCESSO CÍVEL E DO TRABALHO";"Processo Cautelar | Arrolamento de Bens"
"180";"PROCESSO CÍVEL E DO TRABALHO";"Processo Cautelar | Atentado"
"181";"PROCESSO CÍVEL E DO TRABALHO";"Processo Cautelar | Busca e Apreensão"
"182";"PROCESSO CÍVEL E DO TRABALHO";"Processo Cautelar | Caução"
"183";"PROCESSO CÍVEL E DO TRABALHO";"Processo Cautelar | Cautelar Inominada"
"186";"PROCESSO CÍVEL E DO TRABALHO";"Processo Cautelar | Exibição"
"188";"PROCESSO CÍVEL E DO TRABALHO";"Processo Cautelar | Homologação do Penhor Legal"
"190";"PROCESSO CÍVEL E DO TRABALHO";"Processo Cautelar | Justificação"
"191";"PROCESSO CÍVEL E DO TRABALHO";"Processo Cautelar | Protesto"
"192";"PROCESSO CÍVEL E DO TRABALHO";"Processo Cautelar | Posse em Nome do Nascituro"
"193";"PROCESSO CÍVEL E DO TRABALHO";"Processo Cautelar | Produção Antecipada da Prova"
"194";"PROCESSO CÍVEL E DO TRABALHO";"Processo Cautelar | Regulamentação de Visitas"
"195";"PROCESSO CÍVEL E DO TRABALHO";"Processo Cautelar | Separação de Corpos"
"196";"PROCESSO CÍVEL E DO TRABALHO";"Processo Cautelar | Seqüestro"
"197";"PROCESSO CÍVEL E DO TRABALHO";"Recursos"
"198";"PROCESSO CÍVEL E DO TRABALHO";"Recursos | Apelação Cível"
"199";"PROCESSO CÍVEL E DO TRABALHO";"Recursos | Remessa Necessária Cível"
"200";"PROCESSO CÍVEL E DO TRABALHO";"Recursos | Agravos"
"202";"PROCESSO CÍVEL E DO TRABALHO";"Recursos | Agravos | Agravo de Instrumento"
"203";"PROCESSO CÍVEL E DO TRABALHO";"Recursos | Agravos | Agravo de Instrumento em Recurso Especial"
"204";"PROCESSO CÍVEL E DO TRABALHO";"Recursos | Agravos | Agravo de Instrumento em Recurso Extraordinário"
"206";"PROCESSO CÍVEL E DO TRABALHO";"Recursos | Agravos | Agravo Regimental Cível"
"207";"PROCESSO CÍVEL E DO TRABALHO";"Recursos | Embargos"
"208";"PROCESSO CÍVEL E DO TRABALHO";"Recursos | Embargos | Embargos Infringentes"
"210";"PROCESSO CÍVEL E DO TRABALHO";"Recursos | Embargos | Embargos Infringentes na Execução Fiscal"
"211";"PROCESSO CÍVEL E DO TRABALHO";"Recursos | Recurso Ordinário Cível"
"212";"PROCESSO CÍVEL E DO TRABALHO";"Recursos | Recurso Extraordinário"
"213";"PROCESSO CÍVEL E DO TRABALHO";"Recursos | Recurso Especial"
"214";"PROCESSO CÍVEL E DO TRABALHO";"Outros Procedimentos"
"215";"PROCESSO CÍVEL E DO TRABALHO";"Outros Procedimentos | Incidentes"
"216";"PROCESSO CÍVEL E DO TRABALHO";"Outros Procedimentos | Incidentes | Incidente De Arguição de Inconstitucionalidade Cível"
"218";"PROCESSO CÍVEL E DO TRABALHO";"Outros Procedimentos | Incidentes | Assistência Judiciária"
"221";"PROCESSO CÍVEL E DO TRABALHO";"Outros Procedimentos | Incidentes | Conflito de competência cível"
"224";"PROCESSO CÍVEL E DO TRABALHO";"Outros Procedimentos | Incidentes | Exceções"
"228";"PROCESSO CÍVEL E DO TRABALHO";"Outros Procedimentos | Incidentes | Exibição de Documento ou Coisa Cível"
"229";"PROCESSO CÍVEL E DO TRABALHO";"Processo de Conhecimento | Procedimento de Cumprimento de Sentença/Decisão | Impugnação ao Cumprimento de Sentença"
"230";"PROCESSO CÍVEL E DO TRABALHO";"Outros Procedimentos | Incidentes | Impugnação ao Pedido de Assistência Litisconsorcial ou Simples"
"231";"PROCESSO CÍVEL E DO TRABALHO";"Outros Procedimentos | Incidentes | Impugnação ao Valor da Causa Cível"
"232";"PROCESSO CÍVEL E DO TRABALHO";"Outros Procedimentos | Incidentes | Incidente de Falsidade"
"233";"PROCESSO CÍVEL E DO TRABALHO";"Outros Procedimentos | Incidentes | Incidente de Uniformização de Jurisprudência"
"234";"PROCESSO CÍVEL E DO TRABALHO";"Outros Procedimentos | Incidentes | Remoção de Inventariante"
"236";"PROCESSO CÍVEL E DO TRABALHO";"Outros Procedimentos | Incidentes | Oposição"
"237";"PROCESSO CÍVEL E DO TRABALHO";"Outros Procedimentos | Atos e expedientes"
"238";"PROCESSO CÍVEL E DO TRABALHO";"Outros Procedimentos | Atos e expedientes | Avocatória"
"239";"PROCESSO CÍVEL E DO TRABALHO";"Outros Procedimentos | Atos e expedientes | Habilitação para Casamento"
"240";"PROCESSO CÍVEL E DO TRABALHO";"Outros Procedimentos | Atos e expedientes | Instrução de Rescisória"
"241";"PROCESSO CÍVEL E DO TRABALHO";"Outros Procedimentos | Atos e expedientes | Petição Cível"
"242";"PROCESSO CÍVEL E DO TRABALHO";"Outros Procedimentos | Atos e expedientes | Comunicação"
"244";"PROCESSO CÍVEL E DO TRABALHO";"Processo de Conhecimento | Procedimento de Conhecimento | Procedimentos Especiais | Procedimentos Regidos por Outros Códigos, Leis Esparsas e Regimentos | Reclamação"
"251";"PROCESSO CÍVEL E DO TRABALHO";"Outros Procedimentos | Atos e expedientes | Registro de Casamento Nuncupativo"
"256";"PROCEDIMENTOS ADMINISTRATIVOS";"Representação por Excesso de Prazo"
"257";"PROCESSO CÍVEL E DO TRABALHO";"Outros Procedimentos | Cartas"
"258";"PROCESSO CÍVEL E DO TRABALHO";"Outros Procedimentos | Cartas | Carta de Ordem Cível"
"261";"PROCESSO CÍVEL E DO TRABALHO";"Outros Procedimentos | Cartas | Carta Precatória Cível"
"264";"PROCESSO CÍVEL E DO TRABALHO";"Outros Procedimentos | Cartas | Carta Rogatória Cível"
"268";"PROCESSO CRIMINAL";"PROCESSO CRIMINAL"
"269";"PROCESSO CRIMINAL";"Medidas Preparatórias"
"270";"PROCESSO CRIMINAL";"Medidas Preparatórias | Notícia-Crime"
"271";"PROCESSO CRIMINAL";"Procedimentos Investigatórios | Representação Criminal"
"272";"PROCESSO CRIMINAL";"Procedimentos Investigatórios | Representação Criminal | Representação Criminal/Notícia de Crime"
"273";"PROCESSO CRIMINAL";"Procedimentos Investigatórios | Representação Criminal | Pedido de Arquivamento em Representação Criminal"
"274";"PROCESSO CRIMINAL";"Medidas Preparatórias | Interpelações"
"275";"PROCESSO CRIMINAL";"Medidas Preparatórias | Interpelações | Notificação para Explicações"
"276";"PROCESSO CRIMINAL";"Medidas Preparatórias | Interpelações | Notificação para Explicações (Lei de Imprensa)"
"277";"PROCESSO CRIMINAL";"Procedimentos Investigatórios"
"278";"PROCESSO CRIMINAL";"Procedimentos Investigatórios | Termo Circunstanciado"
"279";"PROCESSO CRIMINAL";"Procedimentos Investigatórios | Inquérito Policial"
"280";"PROCESSO CRIMINAL";"Procedimentos Investigatórios | Auto de Prisão em Flagrante"
"281";"PROCESSO CRIMINAL";"Procedimento Comum"
"282";"PROCESSO CRIMINAL";"Procedimento Comum | Ação Penal de Competência do Júri"
"283";"PROCESSO CRIMINAL";"Procedimento Comum | Ação Penal - Procedimento Ordinário"
"284";"PROCESSO CRIMINAL";"Processo Especial"
"285";"PROCESSO CRIMINAL";"Processo Especial | Processo Especial do Código de Processo Penal"
"287";"PROCESSO CRIMINAL";"Processo Especial | Processo Especial do Código de Processo Penal | Crimes de Responsabilidade dos Funcionários Públicos"
"288";"PROCESSO CRIMINAL";"Processo Especial | Processo Especial do Código de Processo Penal | Crimes de Calúnia, Injúria e Difamação de Competência do Juiz Singular"
"289";"PROCESSO CRIMINAL";"Processo Especial | Processo Especial do Código de Processo Penal | Crimes Contra a Propriedade Imaterial"
"290";"PROCESSO CRIMINAL";"Processo Especial | Processo Especial do Código de Processo Penal | Processo Sumário (Detenção)"
"291";"PROCESSO CRIMINAL";"Processo Especial | Processo Especial do Código de Processo Penal | Restauração de Autos Criminal"
"292";"PROCESSO CRIMINAL";"Processo Especial | Processo Especial de Leis Esparsas"
"293";"PROCESSO CRIMINAL";"Processo Especial | Processo Especial de Leis Esparsas | Crimes Ambientais"
"294";"PROCESSO CRIMINAL";"Processo Especial | Processo Especial de Leis Esparsas | Crimes Contra a Propriedade Industrial"
"295";"PROCESSO CRIMINAL";"Processo Especial | Processo Especial de Leis Esparsas | Crimes Contra a Propriedade Intelectual"
"297";"PROCESSO CRIMINAL";"Processo Especial | Processo Especial de Leis Esparsas | Crimes de Imprensa"
"299";"PROCESSO CRIMINAL";"Processo Especial | Processo Especial de Leis Esparsas | Procedimento do Juizado Especial Criminal - Sumariíssimo"
"300";"PROCESSO CRIMINAL";"Processo Especial | Processo Especial de Leis Esparsas | Procedimento Especial da Lei Antitóxicos"
"302";"PROCESSO CRIMINAL";"Processo Especial | Processo Especial de Leis Esparsas | Procedimento Especial dos Crimes de Abuso de Autoridade"
"303";"PROCESSO CRIMINAL";"Medidas Garantidoras"
"304";"PROCESSO CRIMINAL";"Medidas Garantidoras | Liberdade"
"305";"PROCESSO CRIMINAL";"Medidas Garantidoras | Liberdade | Liberdade Provisória com ou sem fiança"
"306";"PROCESSO CRIMINAL";"Medidas Garantidoras | Liberdade | Relaxamento de Prisão"
"307";"PROCESSO CRIMINAL";"Medidas Garantidoras | Habeas Corpus Criminal"
"308";"PROCESSO CRIMINAL";"Medidas Cautelares"
"309";"PROCESSO CRIMINAL";"Medidas Cautelares | Pedido de Busca e Apreensão Criminal"
"310";"PROCESSO CRIMINAL";"Medidas Cautelares | Pedido de Quebra de Sigilo de Dados e/ou Telefônico"
"311";"PROCESSO CRIMINAL";"Medidas Cautelares | Medidas Investigatórias Sobre Organizações Criminosas"
"312";"PROCESSO CRIMINAL";"Medidas Cautelares | Pedido de Prisão"
"313";"PROCESSO CRIMINAL";"Medidas Cautelares | Pedido de Prisão | Pedido de Prisão Preventiva"
"314";"PROCESSO CRIMINAL";"Medidas Cautelares | Pedido de Prisão | Pedido de Prisão Temporária"
"315";"PROCESSO CRIMINAL";"Medidas Cautelares | Pedido de Prisão | Pedido de Prisão/ Liberdade Vigiada para Fins de Expulsão"
"316";"PROCESSO CRIMINAL";"Questões e Processos Incidentes"
"317";"PROCESSO CRIMINAL";"Questões e Processos Incidentes | Exceções"
"318";"PROCESSO CRIMINAL";"Questões e Processos Incidentes | Exceções | Exceção de Suspeição"
"319";"PROCESSO CRIMINAL";"Questões e Processos Incidentes | Exceções | Exceção de Incompetência de Juízo"
"320";"PROCESSO CRIMINAL";"Questões e Processos Incidentes | Exceções | Exceção de Litispendência"
"321";"PROCESSO CRIMINAL";"Questões e Processos Incidentes | Exceções | Exceção de Ilegitimidade de Parte"
"322";"PROCESSO CRIMINAL";"Questões e Processos Incidentes | Exceções | Exceção de Coisa Julgada"
"323";"PROCESSO CRIMINAL";"Questões e Processos Incidentes | Exceções | Exceção de Impedimento"
"324";"PROCESSO CRIMINAL";"Questões e Processos Incidentes | Exceções | Exceção da Verdade"
"325";"PROCESSO CRIMINAL";"Questões e Processos Incidentes | Incidentes | Conflito de Jurisdição"
"326";"PROCESSO CRIMINAL";"Questões e Processos Incidentes | Restituição de Coisas Apreendidas"
"327";"PROCESSO CRIMINAL";"Questões e Processos Incidentes | Embargos de Terceiro Criminal"
"328";"PROCESSO CRIMINAL";"Questões e Processos Incidentes | Medidas Assecuratórias"
"329";"PROCESSO CRIMINAL";"Questões e Processos Incidentes | Medidas Assecuratórias | Seqüestro"
"330";"PROCESSO CRIMINAL";"Questões e Processos Incidentes | Medidas Assecuratórias | Arresto / Hipoteca Legal"
"331";"PROCESSO CRIMINAL";"Questões e Processos Incidentes | Incidentes"
"332";"PROCESSO CRIMINAL";"Questões e Processos Incidentes | Incidentes | Incidente de Falsidade"
"333";"PROCESSO CRIMINAL";"Questões e Processos Incidentes | Incidentes | Insanidade Mental do Acusado"
"334";"PROCESSO CRIMINAL";"Cartas"
"335";"PROCESSO CRIMINAL";"Cartas | Carta de Ordem Criminal"
"355";"PROCESSO CRIMINAL";"Cartas | Carta Precatória Criminal"
"375";"PROCESSO CRIMINAL";"Cartas | Carta Rogatória Criminal"
"385";"EXECUÇÃO PENAL E DE MEDIDAS ALTERNATIVAS";"EXECUÇÃO PENAL E DE MEDIDAS ALTERNATIVAS"
"386";"EXECUÇÃO PENAL E DE MEDIDAS ALTERNATIVAS";"Execução da Pena"
"406";"EXECUÇÃO PENAL E DE MEDIDAS ALTERNATIVAS";"Incidentes"
"407";"EXECUÇÃO PENAL E DE MEDIDAS ALTERNATIVAS";"Incidentes | Conversão de Pena"
"408";"EXECUÇÃO PENAL E DE MEDIDAS ALTERNATIVAS";"Incidentes | Excesso ou Desvio"
"409";"EXECUÇÃO PENAL E DE MEDIDAS ALTERNATIVAS";"Incidentes | Anistia"
"410";"EXECUÇÃO PENAL E DE MEDIDAS ALTERNATIVAS";"Incidentes | Indulto"
"411";"EXECUÇÃO PENAL E DE MEDIDAS ALTERNATIVAS";"Incidentes | Comutação de Pena"
"412";"PROCESSO CRIMINAL";"Recursos"
"413";"PROCESSO CRIMINAL";"Recursos | Agravo de Execução Penal"
"416";"PROCESSO CRIMINAL";"Recursos | Apelação em Mandado de Segurança"
"417";"PROCESSO CRIMINAL";"Recursos | Apelação Criminal"
"418";"PROCESSO CRIMINAL";"Recursos | Carta Testemunhável"
"419";"PROCESSO CRIMINAL";"Recursos | Correição Parcial Criminal"
"420";"PROCESSO CRIMINAL";"Recursos | Embargos de Declaração Criminal"
"421";"PROCESSO CRIMINAL";"Recursos | Embargos Infringentes e de Nulidade"
"422";"PROCESSO CRIMINAL";"Recursos | Protesto por Novo Júri"
"424";"PROCESSO CRIMINAL";"Recursos | Recurso de Medida Cautelar Criminal"
"425";"PROCESSO CRIMINAL";"Recursos | Recurso de Sentença Criminal"
"426";"PROCESSO CRIMINAL";"Recursos | Recurso em Sentido Estrito"
"427";"PROCESSO CRIMINAL";"Recursos | Remessa Necessária Criminal"
"428";"PROCESSO CRIMINAL";"Recursos | Revisão Criminal"
"432";"PROCESSO CRIMINAL";"Questões e Processos Incidentes | Incidentes | Desaforamento de Julgamento"
"433";"PROCESSO CRIMINAL";"Questões e Processos Incidentes | Incidentes | Incidente de Uniformização de Jurisprudência"
"436";"PROCESSO CÍVEL E DO TRABALHO";"Processo de Conhecimento | Procedimento de Conhecimento | Procedimento do Juizado Especial Cível"
"457";"PROCESSO CÍVEL E DO TRABALHO";"Outros Procedimentos | Incidentes | Pedido de Uniformização de Interpretação de Lei Cível"
"460";"PROCESSO CÍVEL E DO TRABALHO";"Recursos | Recurso Inominado Cível"
"547";"JUIZADOS DA INFÂNCIA E DA JUVENTUDE";"JUIZADOS DA INFÂNCIA E DA JUVENTUDE"
"976";"PROCESSO CÍVEL E DO TRABALHO";"Processo de Conhecimento | Procedimento de Conhecimento | Procedimentos Trabalhistas | Ação Anulatória de Cláusulas Convencionais"
"980";"PROCESSO CÍVEL E DO TRABALHO";"Processo de Conhecimento | Procedimento de Conhecimento | Procedimentos Trabalhistas | Ação de Cumprimento"
"985";"PROCESSO CÍVEL E DO TRABALHO";"Processo de Conhecimento | Procedimento de Conhecimento | Procedimentos Trabalhistas | Ação Trabalhista - Rito Ordinário"
"986";"PROCESSO CÍVEL E DO TRABALHO";"Processo de Conhecimento | Procedimento de Conhecimento | Procedimentos Trabalhistas | Inquérito para Apuração de Falta Grave"
"987";"PROCESSO CÍVEL E DO TRABALHO";"Processo de Conhecimento | Procedimento de Conhecimento | Procedimentos Trabalhistas | Dissídio Coletivo"
"988";"PROCESSO CÍVEL E DO TRABALHO";"Processo de Conhecimento | Procedimento de Conhecimento | Procedimentos Trabalhistas | Dissídio Coletivo de Greve"
"990";"PROCESSO CÍVEL E DO TRABALHO";"Processo de Execução | Processo de Execução Trabalhista | Execução de Título Extrajudicial"
"991";"PROCESSO CÍVEL E DO TRABALHO";"Processo de Execução | Processo de Execução Trabalhista | Execução de Termo de Ajuste de Conduta"
"992";"PROCESSO CÍVEL E DO TRABALHO";"Processo de Execução | Processo de Execução Trabalhista | Execução de Termo de Conciliação de CCP"
"993";"PROCESSO CÍVEL E DO TRABALHO";"Processo de Execução | Processo de Execução Trabalhista | Execução de Certidão de Crédito Judicial"
"994";"PROCESSO CÍVEL E DO TRABALHO";"Processo de Execução | Processo de Execução Trabalhista | Execução Provisória em Autos Suplementares"
"1000";"PROCESSO CÍVEL E DO TRABALHO";"Recursos | Recursos Trabalhistas | Agravos | Agravo"
"1001";"PROCESSO CÍVEL E DO TRABALHO";"Recursos | Recursos Trabalhistas | Agravos | Agravo de Instrumento em Agravo de Petição"
"1002";"PROCESSO CÍVEL E DO TRABALHO";"Recursos | Recursos Trabalhistas | Agravos | Agravo de Instrumento em Recurso de Revista"
"1003";"PROCESSO CÍVEL E DO TRABALHO";"Recursos | Recursos Trabalhistas | Agravos | Agravo de Instrumento em Recurso Ordinário"
"1004";"PROCESSO CÍVEL E DO TRABALHO";"Recursos | Recursos Trabalhistas | Agravos | Agravo de Petição"
"1005";"PROCESSO CÍVEL E DO TRABALHO";"Recursos | Recursos Trabalhistas | Agravos | Agravo Regimental Trabalhista"
"1006";"PROCESSO CÍVEL E DO TRABALHO";"Recursos | Recursos Trabalhistas | Embargos"
"1007";"PROCESSO CÍVEL E DO TRABALHO";"Recursos | Recursos Trabalhistas | Embargos Infringentes"
"1008";"PROCESSO CÍVEL E DO TRABALHO";"Recursos | Recursos Trabalhistas | Recurso de Revista"
"1009";"PROCESSO CÍVEL E DO TRABALHO";"Recursos | Recursos Trabalhistas | Recurso Ordinário Trabalhista"
"1013";"SUPERIOR TRIBUNAL DE JUSTIÇA";"Agravo em Recurso de Habeas Corpus"
"1015";"SUPERIOR TRIBUNAL DE JUSTIÇA";"Embargos de Divergência em Recurso de Mandado de Segurança"
"1016";"SUPERIOR TRIBUNAL DE JUSTIÇA";"Embargos de Divergência em Agravo Regimental"
"1017";"SUPERIOR TRIBUNAL DE JUSTIÇA";"Embargos à Execução em Mandado de Segurança"
"1018";"SUPERIOR TRIBUNAL DE JUSTIÇA";"Embargos à Execução em Ação Recisoria"
"1019";"SUPERIOR TRIBUNAL DE JUSTIÇA";"Embargos à Execução em Medida Cautelar"
"1020";"SUPERIOR TRIBUNAL DE JUSTIÇA";"Execução em Ação Rescisória"
"1021";"SUPERIOR TRIBUNAL DE JUSTIÇA";"Execução em Sentença Estrangeira"
"1022";"SUPERIOR TRIBUNAL DE JUSTIÇA";"Execução em Sentença Estrangeira Contestada"
"1023";"SUPERIOR TRIBUNAL DE JUSTIÇA";"Execução em Mandado de Segurança"
"1024";"SUPERIOR TRIBUNAL DE JUSTIÇA";"Execução em Medida Cautelar"
"1025";"SUPERIOR TRIBUNAL DE JUSTIÇA";"Incidente de Deslocamento de Competência "
"1026";"SUPERIOR TRIBUNAL DE JUSTIÇA";"Sentença Estrangeira"
"1027";"SUPERIOR TRIBUNAL DE JUSTIÇA";"Sentença Estrangeira Contestada"
"1028";"SUPERIOR TRIBUNAL DE JUSTIÇA";"Sindicância"
"1029";"SUPERIOR TRIBUNAL DE JUSTIÇA";"Mandado de Segurança"
"1030";"SUPERIOR TRIBUNAL DE JUSTIÇA";"Reclamação"
"1031";"SUPERIOR TRIBUNAL DE JUSTIÇA";"Recurso Ordinário"
"1032";"SUPERIOR TRIBUNAL DE JUSTIÇA";"Recurso Especial"
"1033";"SUPERIOR TRIBUNAL DE JUSTIÇA";"Ação Penal"
"1034";"SUPERIOR TRIBUNAL DE JUSTIÇA";"Interpelação Judicial"
"1035";"SUPERIOR TRIBUNAL DE JUSTIÇA";"Apelação Cível"
"1036";"SUPERIOR TRIBUNAL DE JUSTIÇA";"Suspensão de Liminar e de Sentença"
"1037";"SUPERIOR TRIBUNAL DE JUSTIÇA";"Embargos Infringentes em Apelação Cível"
"1038";"SUPERIOR TRIBUNAL DE JUSTIÇA";"Representação"
"1040";"SUPERIOR TRIBUNAL DE JUSTIÇA";"Requisição de Pequeno Valor"
"1042";"SUPERIOR TRIBUNAL DE JUSTIÇA";"Inquérito"
"1044";"SUPERIOR TRIBUNAL DE JUSTIÇA";"Agravo de Instrumento"
"1045";"SUPERIOR TRIBUNAL DE JUSTIÇA";"Agravo em Recurso Extraordinário"
"1046";"SUPERIOR TRIBUNAL DE JUSTIÇA";"Agravo em Recurso de Mandado de Segurança"
"1047";"SUPERIOR TRIBUNAL DE JUSTIÇA";"Carta Rogatória"
"1049";"SUPERIOR TRIBUNAL DE JUSTIÇA";"Habeas Data"
"1053";"SUPERIOR TRIBUNAL DE JUSTIÇA";"Conflito de Atribuição"
"1054";"SUPERIOR TRIBUNAL DE JUSTIÇA";"Conflito de Competência"
"1057";"SUPERIOR TRIBUNAL DE JUSTIÇA";"Petição"
"1062";"SUPERIOR TRIBUNAL DE JUSTIÇA";"Medida Cautelar"
"1063";"SUPERIOR TRIBUNAL DE JUSTIÇA";"Exceção da Verdade"
"1064";"SUPERIOR TRIBUNAL DE JUSTIÇA";"Remessa Necessária em Habeas Corpus"
"1066";"SUPERIOR TRIBUNAL DE JUSTIÇA";"Embargos Infringentes em Ação Rescisória"
"1067";"PROCESSO CÍVEL E DO TRABALHO";"Processo de Conhecimento | Procedimento de Conhecimento | Procedimentos Trabalhistas"
"1068";"PROCESSO CÍVEL E DO TRABALHO";"Processo de Execução | Processo de Execução Trabalhista"
"1070";"PROCESSO CÍVEL E DO TRABALHO";"Outros Procedimentos | Incidentes Trabalhistas"
"1071";"PROCESSO CÍVEL E DO TRABALHO";"Recursos | Recursos Trabalhistas"
"1072";"PROCESSO CÍVEL E DO TRABALHO";"Outros Procedimentos | Incidentes Trabalhistas | Pedido de Revisão do Valor da Causa"
"1106";"PROCESSO CÍVEL E DO TRABALHO";"Processo de Conhecimento"
"1107";"PROCESSO CÍVEL E DO TRABALHO";"Processo de Conhecimento | Procedimento de Conhecimento"
"1111";"PROCESSO CÍVEL E DO TRABALHO";"Processo de Execução | Execução de Título Judicial"
"1112";"PROCESSO CÍVEL E DO TRABALHO";"Processo de Execução | Execução de Título Judicial | Execução de Alimentos"
"1114";"PROCESSO CÍVEL E DO TRABALHO";"Processo de Execução | Execução de Título Judicial | Execução Contra a Fazenda Pública"
"1116";"PROCESSO CÍVEL E DO TRABALHO";"Processo de Execução | Execução Fiscal"
"1117";"PROCESSO CÍVEL E DO TRABALHO";"Processo de Execução | Execução Hipotecária do Sistema Financeiro da Habitação"
"1118";"PROCESSO CÍVEL E DO TRABALHO";"Processo de Execução | Embargos | Embargos à Execução Fiscal"
"1122";"PROCESSO CÍVEL E DO TRABALHO";"Processo de Conhecimento | Procedimento de Conhecimento | Procedimentos Especiais | Procedimentos Especiais de Jurisdição Voluntária | Tutela e Curatela - Remoção e Dispensa"
"1124";"PROCESSO CÍVEL E DO TRABALHO";"Processo de Conhecimento | Procedimento de Conhecimento | Procedimentos Especiais | Procedimentos Regidos por Outros Códigos, Leis Esparsas e Regimentos | Justificação de Dinheiro a Risco"
"1125";"PROCESSO CÍVEL E DO TRABALHO";"Processo de Conhecimento | Procedimento de Conhecimento | Procedimentos Trabalhistas | Ação Trabalhista - Rito Sumaríssimo"
"1126";"PROCESSO CÍVEL E DO TRABALHO";"Processo de Conhecimento | Procedimento de Conhecimento | Procedimentos Trabalhistas | Ação Trabalhista - Rito Sumário (Alçada)"
"1137";"SUPERIOR TRIBUNAL DE JUSTIÇA";"Embargos de Divergência em Recurso Especial"
"1145";"PROCESSO CÍVEL E DO TRABALHO";"Outros Procedimentos | Incidentes Trabalhistas | Conflito de Competência"
"1178";"PROCESSO CRIMINAL";"Questões e Processos Incidentes | Incidentes | Incidente de Arguição de Inconstitucionalidade Criminal"
"1198";"PROCEDIMENTOS ADMINISTRATIVOS";"PROCEDIMENTOS ADMINISTRATIVOS"
"1199";"PROCEDIMENTOS ADMINISTRATIVOS";"Pedido de Providências"
"1202";"PROCESSO CÍVEL E DO TRABALHO";"Processo de Conhecimento | Procedimento de Conhecimento | Procedimentos Trabalhistas | Reclamação"
"1208";"PROCESSO CÍVEL E DO TRABALHO";"Recursos | Agravos | Agravo Interno Cível"
"1209";"PROCESSO CÍVEL E DO TRABALHO";"Recursos | Recursos Trabalhistas | Agravos"
"1230";"PROCESSO CÍVEL E DO TRABALHO";"Outros Procedimentos | Incidentes | Exceções | Exceção de Impedimento"
"1231";"PROCESSO CÍVEL E DO TRABALHO";"Outros Procedimentos | Incidentes | Exceções | Exceção de Suspeição"
"1232";"PROCESSO CÍVEL E DO TRABALHO";"Outros Procedimentos | Incidentes | Exceções | Exceção de Incompetência"
"1233";"PROCESSO CÍVEL E DO TRABALHO";"Processo Cautelar | Efeito Suspensivo"
"1262";"PROCEDIMENTOS ADMINISTRATIVOS";"Processo Administrativo Disciplinar em face de Servidor"
"1264";"PROCEDIMENTOS ADMINISTRATIVOS";"Processo Administrativo Disciplinar em face de Magistrado"
"1265";"PROCEDIMENTOS ADMINISTRATIVOS";"Precatório"
"1266";"PROCEDIMENTOS ADMINISTRATIVOS";"Requisição de Pequeno Valor"
"1267";"PROCESSO CÍVEL E DO TRABALHO";"Recursos | Recursos Trabalhistas | Recurso de Multa"
"1268";"PROCESSO CRIMINAL";"Medidas Cautelares | Medidas Protetivas de urgência (Lei Maria da Penha) Criminal"
"1269";"PROCESSO CÍVEL E DO TRABALHO";"Processo de Conhecimento | Procedimento de Conhecimento | Procedimentos Especiais | Procedimentos Regidos por Outros Códigos, Leis Esparsas e Regimentos | Habeas Corpus Cível"
"1271";"PROCESSO CÍVEL E DO TRABALHO";"Recursos | Recurso de Medida Cautelar Cível"
"1283";"EXECUÇÃO PENAL E DE MEDIDAS ALTERNATIVAS";"Incidentes | Superveniência de doença mental"
"1284";"EXECUÇÃO PENAL E DE MEDIDAS ALTERNATIVAS";"Incidentes | Unificação de penas"
"1285";"PROCESSO CÍVEL E DO TRABALHO";"Outros Procedimentos | Incidentes | Conflito de atribuição"
"1288";"EXECUÇÃO PENAL E DE MEDIDAS ALTERNATIVAS";"Incidentes | Transferência entre estabelecimentos penais"
"1289";"PROCESSO CÍVEL E DO TRABALHO";"Processo Cautelar | Outras medidas provisionais"
"1291";"PROCESSO CRIMINAL";"Questões e Processos Incidentes | Incidentes | Reabilitação"
"1294";"PROCESSO CÍVEL E DO TRABALHO";"Processo de Conhecimento | Procedimento de Conhecimento | Procedimentos Especiais | Procedimentos Especiais de Jurisdição Voluntária | Outros procedimentos de jurisdição voluntária"
"1295";"PROCESSO CÍVEL E DO TRABALHO";"Processo de Conhecimento | Procedimento de Conhecimento | Procedimentos Especiais | Procedimentos Especiais de Jurisdição Voluntária | Alvará Judicial"
"1296";"PROCESSO CÍVEL E DO TRABALHO";"Processo de Conhecimento | Procedimento de Conhecimento | Procedimentos Especiais | Procedimentos Regidos por Outros Códigos, Leis Esparsas e Regimentos | Declaratória de Constitucionalidade"
"1297";"PROCESSO CÍVEL E DO TRABALHO";"Processo de Conhecimento | Procedimento de Conhecimento | Procedimentos Especiais | Procedimentos Regidos por Outros Códigos, Leis Esparsas e Regimentos | Intervenção em Município"
"1298";"PROCEDIMENTOS ADMINISTRATIVOS";"Processo Administrativo"
"1299";"PROCEDIMENTOS ADMINISTRATIVOS";"Recurso Administrativo"
"1301";"PROCEDIMENTOS ADMINISTRATIVOS";"Reclamação Disciplinar"
"1303";"PROCEDIMENTOS ADMINISTRATIVOS";"Correição Extraordinária"
"1304";"PROCEDIMENTOS ADMINISTRATIVOS";"Inspeção"
"1306";"PROCEDIMENTOS ADMINISTRATIVOS";"Recurso em Processo Administrativo Disciplinar em face de Servidor"
"1307";"PROCEDIMENTOS ADMINISTRATIVOS";"Correição Ordinária"
"1308";"PROCEDIMENTOS ADMINISTRATIVOS";"Sindicância"
"1310";"SUPREMO TRIBUNAL FEDERAL";"SUPREMO TRIBUNAL FEDERAL"
"1311";"SUPREMO TRIBUNAL FEDERAL";"Ação Cautelar"
"1312";"SUPREMO TRIBUNAL FEDERAL";"Ação  Originária"
"1313";"SUPREMO TRIBUNAL FEDERAL";"Ação Declaratória de Constitucionalidade"
"1314";"SUPREMO TRIBUNAL FEDERAL";"Ação Direta de Inconstitucionalidade"
"1315";"SUPREMO TRIBUNAL FEDERAL";"Ação Cível Originária"
"1316";"SUPREMO TRIBUNAL FEDERAL";"Ação Originária Especial"
"1317";"SUPREMO TRIBUNAL FEDERAL";"Ação Penal"
"1318";"SUPREMO TRIBUNAL FEDERAL";"Ação Rescisória"
"1319";"SUPREMO TRIBUNAL FEDERAL";"Agravo Interno"
"1320";"SUPREMO TRIBUNAL FEDERAL";"Agravo de Instrumento"
"1321";"SUPREMO TRIBUNAL FEDERAL";"Agravo Regimental"
"1322";"SUPREMO TRIBUNAL FEDERAL";"Arguição de Descumprimento de Preceito Fundamental"
"1323";"SUPREMO TRIBUNAL FEDERAL";"Arguição de Suspeição"
"1324";"SUPREMO TRIBUNAL FEDERAL";"Carta Rogatória"
"1325";"SUPREMO TRIBUNAL FEDERAL";"Comunicação"
"1326";"SUPREMO TRIBUNAL FEDERAL";"Conflito de Competência"
"1327";"SUPREMO TRIBUNAL FEDERAL";"Embargos de Declaração"
"1328";"SUPREMO TRIBUNAL FEDERAL";"Embargos Divergentes"
"1329";"SUPREMO TRIBUNAL FEDERAL";"Embargos Infringentes"
"1330";"SUPREMO TRIBUNAL FEDERAL";"Extradição"
"1331";"SUPREMO TRIBUNAL FEDERAL";"Habeas Corpus"
"1332";"SUPREMO TRIBUNAL FEDERAL";"Habeas Data"
"1333";"SUPREMO TRIBUNAL FEDERAL";"Inquerito"
"1334";"SUPREMO TRIBUNAL FEDERAL";"Intervenção Federal"
"1335";"SUPREMO TRIBUNAL FEDERAL";"Mandado de Injunção"
"1336";"SUPREMO TRIBUNAL FEDERAL";"Mandado de Segurança"
"1337";"SUPREMO TRIBUNAL FEDERAL";"Medida Cautelar"
"1338";"SUPREMO TRIBUNAL FEDERAL";"Petição"
"1339";"SUPREMO TRIBUNAL FEDERAL";"Prisão Preventiva para Extradição"
"1340";"SUPREMO TRIBUNAL FEDERAL";"Processo Administrativo"
"1341";"SUPREMO TRIBUNAL FEDERAL";"Questão de Ordem"
"1342";"SUPREMO TRIBUNAL FEDERAL";"Reclamação"
"1343";"SUPREMO TRIBUNAL FEDERAL";"Recurso Criminal"
"1344";"SUPREMO TRIBUNAL FEDERAL";"Recurso em Habeas Corpus"
"1345";"SUPREMO TRIBUNAL FEDERAL";"Recurso em Habeas Data"
"1346";"SUPREMO TRIBUNAL FEDERAL";"Recurso em Mandado de Injunção"
"1347";"SUPREMO TRIBUNAL FEDERAL";"Recurso em Mandado de Segurança"
"1348";"SUPREMO TRIBUNAL FEDERAL";"Recurso Extraordinário"
"1349";"SUPREMO TRIBUNAL FEDERAL";"Revisão Criminal"
"1350";"SUPREMO TRIBUNAL FEDERAL";"Sentença Estrangeira"
"1351";"SUPREMO TRIBUNAL FEDERAL";"Sentença Estrangeira Contestada"
"1352";"SUPREMO TRIBUNAL FEDERAL";"Suspensão de Liminar"
"1353";"SUPREMO TRIBUNAL FEDERAL";"Suspensão de Segurança"
"1354";"SUPREMO TRIBUNAL FEDERAL";"Suspensão de Tutela Provisória"
"1355";"SUPREMO TRIBUNAL FEDERAL";"Siglas dos Processos Extintos"
"1356";"SUPREMO TRIBUNAL FEDERAL";"Siglas dos Processos Extintos | Ação Ordinária Regressiva"
"1357";"SUPREMO TRIBUNAL FEDERAL";"Siglas dos Processos Extintos | Ação Regressiva"
"1358";"SUPREMO TRIBUNAL FEDERAL";"Siglas dos Processos Extintos | Apelação Cível"
"1359";"SUPREMO TRIBUNAL FEDERAL";"Siglas dos Processos Extintos | Apelação Criminal"
"1360";"SUPREMO TRIBUNAL FEDERAL";"Siglas dos Processos Extintos | Arguição de Relevância"
"1361";"SUPREMO TRIBUNAL FEDERAL";"Siglas dos Processos Extintos | Carta Testemunhável"
"1362";"SUPREMO TRIBUNAL FEDERAL";"Siglas dos Processos Extintos | Conflito de Atribuições"
"1363";"SUPREMO TRIBUNAL FEDERAL";"Siglas dos Processos Extintos | Conflito de Jurisdição"
"1364";"SUPREMO TRIBUNAL FEDERAL";"Siglas dos Processos Extintos | Denúncia"
"1365";"SUPREMO TRIBUNAL FEDERAL";"Siglas dos Processos Extintos | Embargos Remetidos"
"1366";"SUPREMO TRIBUNAL FEDERAL";"Siglas dos Processos Extintos | Exceção da Verdade"
"1367";"SUPREMO TRIBUNAL FEDERAL";"Siglas dos Processos Extintos | Exceção de Suspeição"
"1368";"SUPREMO TRIBUNAL FEDERAL";"Siglas dos Processos Extintos | Inquérito Administrativo"
"1369";"SUPREMO TRIBUNAL FEDERAL";"Siglas dos Processos Extintos | Inquérito Policial"
"1370";"SUPREMO TRIBUNAL FEDERAL";"Siglas dos Processos Extintos | Inquérito Policial Especial"
"1371";"SUPREMO TRIBUNAL FEDERAL";"Siglas dos Processos Extintos | Interpelação"
"1372";"SUPREMO TRIBUNAL FEDERAL";"Siglas dos Processos Extintos | Liquidação de Sentença"
"1373";"SUPREMO TRIBUNAL FEDERAL";"Siglas dos Processos Extintos | Notificação"
"1374";"SUPREMO TRIBUNAL FEDERAL";"Siglas dos Processos Extintos | Pedido de Avocação"
"1375";"SUPREMO TRIBUNAL FEDERAL";"Siglas dos Processos Extintos | Processo Crime"
"1376";"SUPREMO TRIBUNAL FEDERAL";"Siglas dos Processos Extintos | Processo Judicial"
"1377";"SUPREMO TRIBUNAL FEDERAL";"Siglas dos Processos Extintos | Queixa Crime"
"1378";"SUPREMO TRIBUNAL FEDERAL";"Siglas dos Processos Extintos | Recurso de Apreensão de Livro"
"1379";"SUPREMO TRIBUNAL FEDERAL";"Siglas dos Processos Extintos | Recurso de Liquidação de Sentença"
"1380";"SUPREMO TRIBUNAL FEDERAL";"Siglas dos Processos Extintos | Recurso de Revista"
"1381";"SUPREMO TRIBUNAL FEDERAL";"Siglas dos Processos Extintos | Representação"
"1382";"SUPREMO TRIBUNAL FEDERAL";"Siglas dos Processos Extintos | Retificação de Nome Estrangeiro"
"1383";"SUPREMO TRIBUNAL FEDERAL";"Siglas dos Processos Extintos | Sentença Arbitral"
"1384";"SUPREMO TRIBUNAL FEDERAL";"Siglas dos Processos Extintos | Suspensão de Direitos"
"1385";"JUIZADOS DA INFÂNCIA E DA JUVENTUDE";"Seção Cível"
"1386";"JUIZADOS DA INFÂNCIA E DA JUVENTUDE";"Seção Cível | Processo de Conhecimento"
"1389";"JUIZADOS DA INFÂNCIA E DA JUVENTUDE";"Seção Cível | Processo de Conhecimento | Ação de Alimentos"
"1390";"JUIZADOS DA INFÂNCIA E DA JUVENTUDE";"Seção Cível | Processo de Conhecimento | Revisão Judicial de Decisão do Conselho Tutelar"
"1391";"JUIZADOS DA INFÂNCIA E DA JUVENTUDE";"Seção Cível | Processo de Conhecimento | Apuração de Irregularidades em Entidades de Atendimento"
"1392";"JUIZADOS DA INFÂNCIA E DA JUVENTUDE";"Seção Cível | Processo de Conhecimento | Apuração de Infração Administrativa às Normas de Proteção à Criança ou Adolescente"
"1396";"JUIZADOS DA INFÂNCIA E DA JUVENTUDE";"Seção Cível | Processo de Conhecimento | Tutela Infância e Juventude"
"1399";"JUIZADOS DA INFÂNCIA E DA JUVENTUDE";"Seção Cível | Processo de Conhecimento | Tutela c/c Destituição do Poder Familiar"
"1401";"JUIZADOS DA INFÂNCIA E DA JUVENTUDE";"Seção Cível | Processo de Conhecimento | Adoção"
"1412";"JUIZADOS DA INFÂNCIA E DA JUVENTUDE";"Seção Cível | Processo de Conhecimento | Adoção c/c Destituição do Poder Familiar"
"1414";"JUIZADOS DA INFÂNCIA E DA JUVENTUDE";"Seção Cível | Processo de Conhecimento | Suprimento de Capacidade ou de Consentimento para Casar"
"1415";"JUIZADOS DA INFÂNCIA E DA JUVENTUDE";"Seção Cível | Processo de Conhecimento | Emancipação"
"1417";"JUIZADOS DA INFÂNCIA E DA JUVENTUDE";"Seção Cível | Processo de Conhecimento | Regularização de Registro Civil"
"1420";"JUIZADOS DA INFÂNCIA E DA JUVENTUDE";"Seção Cível | Processo de Conhecimento | Guarda"
"1424";"JUIZADOS DA INFÂNCIA E DA JUVENTUDE";"Seção Cível | Processo de Conhecimento | Providência "
"1425";"JUIZADOS DA INFÂNCIA E DA JUVENTUDE";"Seção Cível | Processo de Conhecimento | Prestação de Contas Infância e Juventude"
"1426";"JUIZADOS DA INFÂNCIA E DA JUVENTUDE";"Seção Cível | Processo de Conhecimento | Perda ou Suspensão do Poder Familiar"
"1430";"JUIZADOS DA INFÂNCIA E DA JUVENTUDE";"Seção Cível | Processo de Execução"
"1432";"JUIZADOS DA INFÂNCIA E DA JUVENTUDE";"Seção Cível | Processo de Execução | Execução de Alimentos Infância e Juventude"
"1434";"JUIZADOS DA INFÂNCIA E DA JUVENTUDE";"Seção Cível | Processo de Execução | Execução de Medida de Proteção à Criança e Adolescente"
"1435";"JUIZADOS DA INFÂNCIA E DA JUVENTUDE";"Seção Cível | Processo de Execução | Execução de Multa"
"1436";"JUIZADOS DA INFÂNCIA E DA JUVENTUDE";"Seção Cível | Processos Cautelares"
"1438";"JUIZADOS DA INFÂNCIA E DA JUVENTUDE";"Seção Cível | Processos Cautelares | Busca e Apreensão Infância e Juventude"
"1440";"JUIZADOS DA INFÂNCIA E DA JUVENTUDE";"Seção Cível | Processos Cautelares | Cautelar Inominada Infância e Juventude"
"1450";"JUIZADOS DA INFÂNCIA E DA JUVENTUDE";"Seção Cível | Cartas"
"1451";"JUIZADOS DA INFÂNCIA E DA JUVENTUDE";"Seção Cível | Cartas | Carta de Ordem Infância e Juventude"
"1455";"JUIZADOS DA INFÂNCIA E DA JUVENTUDE";"Seção Cível | Cartas | Carta Precatória Infância e Juventude"
"1459";"JUIZADOS DA INFÂNCIA E DA JUVENTUDE";"Seção Infracional"
"1460";"JUIZADOS DA INFÂNCIA E DA JUVENTUDE";"Seção Infracional | Procedimentos Investigatórios"
"1461";"JUIZADOS DA INFÂNCIA E DA JUVENTUDE";"Seção Infracional | Procedimentos Investigatórios | Auto de Apreensão em Flagrante"
"1462";"JUIZADOS DA INFÂNCIA E DA JUVENTUDE";"Seção Infracional | Procedimentos Investigatórios | Relatório de Investigações"
"1463";"JUIZADOS DA INFÂNCIA E DA JUVENTUDE";"Seção Infracional | Procedimentos Investigatórios | Boletim de Ocorrência Circunstanciada"
"1464";"JUIZADOS DA INFÂNCIA E DA JUVENTUDE";"Seção Infracional | Processo de Apuração de Ato Infracional"
"1465";"JUIZADOS DA INFÂNCIA E DA JUVENTUDE";"Seção Infracional | Execução de Medidas Sócio-Educativas"
"1466";"JUIZADOS DA INFÂNCIA E DA JUVENTUDE";"Seção Infracional | Execução de Medidas Sócio-Educativas | Internação com Atividades Externas"
"1467";"JUIZADOS DA INFÂNCIA E DA JUVENTUDE";"Seção Infracional | Execução de Medidas Sócio-Educativas | Internação sem Atividades Externas"
"1468";"JUIZADOS DA INFÂNCIA E DA JUVENTUDE";"Seção Infracional | Execução de Medidas Sócio-Educativas | Semiliberdade"
"1469";"JUIZADOS DA INFÂNCIA E DA JUVENTUDE";"Seção Infracional | Execução de Medidas Sócio-Educativas | Liberdade Assistida"
"1470";"JUIZADOS DA INFÂNCIA E DA JUVENTUDE";"Seção Infracional | Execução de Medidas Sócio-Educativas | Prestação de Serviços a Comunidade"
"1471";"JUIZADOS DA INFÂNCIA E DA JUVENTUDE";"Seção Infracional | Execução de Medidas Sócio-Educativas | Obrigação de Reparar o Dano"
"1472";"JUIZADOS DA INFÂNCIA E DA JUVENTUDE";"Seção Infracional | Execução de Medidas Sócio-Educativas | Advertência "
"1473";"JUIZADOS DA INFÂNCIA E DA JUVENTUDE";"Seção Infracional | Cartas"
"1474";"JUIZADOS DA INFÂNCIA E DA JUVENTUDE";"Seção Infracional | Cartas | Carta de Ordem Infracional"
"1478";"JUIZADOS DA INFÂNCIA E DA JUVENTUDE";"Seção Infracional | Cartas | Carta Precatória Infracional"
"1669";"SUPERIOR TRIBUNAL DE JUSTIÇA";"Ação Rescisória"
"1670";"SUPERIOR TRIBUNAL DE JUSTIÇA";"Ação de Improbidade Administrativa"
"1671";"SUPERIOR TRIBUNAL DE JUSTIÇA";"Comunicação"
"1672";"SUPERIOR TRIBUNAL DE JUSTIÇA";"Exceção de Impedimento"
"1673";"SUPERIOR TRIBUNAL DE JUSTIÇA";"Exceção de Suspeição"
"1674";"SUPERIOR TRIBUNAL DE JUSTIÇA";"Intervenção Federal"
"1675";"SUPERIOR TRIBUNAL DE JUSTIÇA";"Mandado de Injunção"
"1677";"SUPERIOR TRIBUNAL DE JUSTIÇA";"Precatório"
"1678";"SUPERIOR TRIBUNAL DE JUSTIÇA";"Revisão Criminal"
"1679";"SUPERIOR TRIBUNAL DE JUSTIÇA";"Suspensão de Segurança"
"1680";"PROCEDIMENTOS ADMINISTRATIVOS";"Consulta Administrativa"
"1682";"PROCESSO CÍVEL E DO TRABALHO";"Processo de Conhecimento | Procedimento de Conhecimento | Procedimentos Especiais | Procedimentos Regidos por Outros Códigos, Leis Esparsas e Regimentos | Retificação ou Suprimento ou Restauração de Registro Civil"
"1683";"PROCESSO CÍVEL E DO TRABALHO";"Processo de Conhecimento | Procedimento de Conhecimento | Procedimentos Especiais | Procedimentos Regidos por Outros Códigos, Leis Esparsas e Regimentos | Retificação de Registro de Imóvel"
"1685";"PROCESSO CÍVEL E DO TRABALHO";"Recursos | Recursos Trabalhistas | Remessa Necessária Trabalhista"
"1689";"PROCESSO CÍVEL E DO TRABALHO";"Recursos | Embargos | Embargos de Declaração Cível"
"1690";"JUIZADOS DA INFÂNCIA E DA JUVENTUDE";"Seção Cível | Processo de Conhecimento | Ação Civil Pública Infância e Juventude"
"1691";"JUIZADOS DA INFÂNCIA E DA JUVENTUDE";"Seção Cível | Processo de Conhecimento | Mandado de Segurança Infância e Juventude"
"1701";"PROCESSO CÍVEL E DO TRABALHO";"Outros Procedimentos | Atos e expedientes | Nomeação de Advogado"
"1702";"PROCESSO CÍVEL E DO TRABALHO";"Outros Procedimentos | Incidentes | Impugnação de Assistência Judiciária"
"1703";"JUIZADOS DA INFÂNCIA E DA JUVENTUDE";"Seção Cível | Processo de Conhecimento | Autorização judicial"
"1704";"JUIZADOS DA INFÂNCIA E DA JUVENTUDE";"Seção Cível | Processo de Conhecimento | Embargos de Terceiro Infância e Juventude"
"1705";"JUIZADOS DA INFÂNCIA E DA JUVENTUDE";"Seção Cível | Processo de Conhecimento | Remoção, modificação  e dispensa de tutor ou curador"
"1706";"JUIZADOS DA INFÂNCIA E DA JUVENTUDE";"Seção Cível | Processo de Conhecimento | Procedimento Comum Infância e Juventude"
"1707";"PROCESSO CÍVEL E DO TRABALHO";"Processo de Conhecimento | Procedimento de Conhecimento | Procedimentos Especiais | Procedimentos Especiais de Jurisdição Contenciosa | Reintegração / Manutenção de Posse"
"1709";"PROCESSO CÍVEL E DO TRABALHO";"Processo de Conhecimento | Procedimento de Conhecimento | Procedimentos Especiais | Procedimentos Especiais de Jurisdição Contenciosa | Interdito Proibitório"
"1710";"PROCESSO CRIMINAL";"Processo Especial | Processo Especial de Leis Esparsas | Mandado de Segurança Criminal"
"1711";"PROCESSO CRIMINAL";"Recursos | Agravo de Instrumento em Recurso Especial"
"1712";"PROCESSO CRIMINAL";"Recursos | Agravo de Instrumento em Recurso Extraordinário"
"1714";"EXECUÇÃO PENAL E DE MEDIDAS ALTERNATIVAS";"Execução Provisória"
"1715";"PROCESSO CRIMINAL";"Questões e Processos Incidentes | Embargos do Acusado"
"1717";"PROCESSO CRIMINAL";"Questões e Processos Incidentes | Alienação de Bens do Acusado"
"1719";"PROCESSO CRIMINAL";"Questões e Processos Incidentes | Incidentes | Avaliação para atestar dependência de drogas"
"1720";"SUPERIOR TRIBUNAL DE JUSTIÇA";"Habeas Corpus"
"1721";"SUPERIOR TRIBUNAL DE JUSTIÇA";"Recurso Ordinário em Mandado de Segurança"
"1722";"SUPERIOR TRIBUNAL DE JUSTIÇA";"Recurso Ordinário em Habeas Corpus"
"1723";"PROCESSO CÍVEL E DO TRABALHO";"Processo Cautelar | Contraprotesto Judicial"
"1725";"PROCESSO CÍVEL E DO TRABALHO";"Processo Cautelar | Notificação"
"1726";"PROCESSO CÍVEL E DO TRABALHO";"Processo Cautelar | Interpelação"
"1727";"PROCESSO CRIMINAL";"Petição Criminal"
"1728";"PROCESSO CÍVEL E DO TRABALHO";"Recursos | Apelação / Remessa Necessária"
"1729";"PROCESSO CRIMINAL";"Recursos | Agravo Regimental Criminal"
"1730";"PROCESSO CRIMINAL";"Recursos | Recurso Ordinário Criminal"
"1731";"PROCESSO CRIMINAL";"Procedimentos Investigatórios | Investigação contra magistrado"
"1733";"PROCESSO CRIMINAL";"Procedimentos Investigatórios | Procedimento Investigatório Criminal (PIC-MP) "
"10933";"JUIZADOS DA INFÂNCIA E DA JUVENTUDE";"Seção Cível | Processo de Conhecimento | Habilitação para Adoção"
"10942";"PROCESSO CÍVEL E DO TRABALHO";"Recursos | Correição Parcial Cível"
"10943";"PROCESSO CRIMINAL";"Procedimento Comum | Ação Penal - Procedimento Sumário"
"10944";"PROCESSO CRIMINAL";"Procedimento Comum | Ação Penal - Procedimento Sumaríssimo"
"10960";"JUIZADOS DA INFÂNCIA E DA JUVENTUDE";"Seção Infracional | Incidente de Sanidade Mental"
"10967";"PROCESSO CRIMINAL";"Medidas Cautelares | Medidas Protetivas - Estatuto do Idoso Criminal "
"10969";"JUIZADOS DA INFÂNCIA E DA JUVENTUDE";"Seção Cível | Incidentes"
"10970";"JUIZADOS DA INFÂNCIA E DA JUVENTUDE";"Seção Cível | Incidentes | Conflito de Competência Infância e Juventude"
"10971";"JUIZADOS DA INFÂNCIA E DA JUVENTUDE";"Seção Cível | Incidentes | Exceções"
"10972";"JUIZADOS DA INFÂNCIA E DA JUVENTUDE";"Seção Cível | Incidentes | Exibição de Documento ou Coisa Infância e Juventude"
"10973";"JUIZADOS DA INFÂNCIA E DA JUVENTUDE";"Seção Cível | Incidentes | Impugnação ao Valor da Causa Infância e Juventude"
"10974";"JUIZADOS DA INFÂNCIA E DA JUVENTUDE";"Seção Cível | Incidentes | Incidente de Falsidade Infância e Juventude"
"10975";"JUIZADOS DA INFÂNCIA E DA JUVENTUDE";"Seção Cível | Incidentes | Exceções | Exceção de Impedimento Infância e Juventude"
"10976";"JUIZADOS DA INFÂNCIA E DA JUVENTUDE";"Seção Cível | Incidentes | Exceções | Exceção de Incompetência Infância e Juventude"
"10977";"JUIZADOS DA INFÂNCIA E DA JUVENTUDE";"Seção Cível | Incidentes | Exceções | Exceção de Suspeição Infância e Juventude"
"10979";"JUIZADOS DA INFÂNCIA E DA JUVENTUDE";"Seção Infracional | Petição Infracional"
"10980";"PROCESSO CÍVEL E DO TRABALHO";"Processo de Conhecimento | Procedimento de Cumprimento de Sentença/Decisão | Cumprimento Provisório de Decisão"
"10981";"PROCESSO CÍVEL E DO TRABALHO";"Processo de Conhecimento | Procedimento de Cumprimento de Sentença/Decisão | Impugnação ao Cumprimento  de Decisão"
"11026";"JUIZADOS DA INFÂNCIA E DA JUVENTUDE";"Seção Cível | Petição Infância e Juventude Cível"
"11027";"PROCESSO CÍVEL E DO TRABALHO";"Recursos | Recursos Trabalhistas | Remessa Necessária / Recurso Ordinário"
"11028";"PROCESSO MILITAR";"PROCESSO MILITAR"
"11029";"PROCESSO MILITAR";"PROCEDIMENTOS ESPECIAIS PREVISTOS EM LEIS ESPARSAS"
"11030";"PROCESSO MILITAR";"PROCESSO CRIMINAL"
"11031";"PROCESSO MILITAR";"PROCESSO CRIMINAL | Procedimento Especial"
"11032";"PROCESSO MILITAR";"PROCESSO CRIMINAL | Procedimentos Investigatórios"
"11033";"PROCESSO MILITAR";"PROCESSO CRIMINAL | Recursos"
"11034";"PROCESSO MILITAR";"PROCEDIMENTOS ESPECIAIS PREVISTOS EM LEIS ESPARSAS | Conselho de Justificação "
"11035";"PROCESSO MILITAR";"PROCEDIMENTOS ESPECIAIS PREVISTOS EM LEIS ESPARSAS | Representação p/ Declaração de Indignidade/Incompatibilidade "
"11036";"PROCESSO MILITAR";"PROCEDIMENTOS ESPECIAIS PREVISTOS EM LEIS ESPARSAS | Representação p/ Perda da Graduação "
"11037";"PROCESSO MILITAR";"PROCESSO CRIMINAL | Ação Penal Militar - Procedimento Ordinário"
"11038";"PROCESSO MILITAR";"PROCESSO CRIMINAL | Recursos | Embargos em Ação Penal Militar"
"11039";"PROCESSO MILITAR";"PROCESSO CRIMINAL | Recursos | Reclamação Militar"
"11040";"PROCESSO MILITAR";"PROCESSO CRIMINAL | Recursos | Recurso Inominado Militar"
"11041";"PROCESSO MILITAR";"PROCESSO CRIMINAL | Procedimentos Investigatórios | Inquérito Policial Militar"
"11042";"PROCESSO MILITAR";"PROCESSO CRIMINAL | Procedimento Especial | Correição Parcial Militar"
"11043";"PROCESSO MILITAR";"PROCESSO CRIMINAL | Procedimento Especial | Deserção"
"11044";"PROCESSO MILITAR";"PROCESSO CRIMINAL | Procedimento Especial | Insubmissão"
"11045";"PROCESSO MILITAR";"PROCESSO CRIMINAL | Procedimento Especial | Deserção | Deserção de Oficial"
"11046";"PROCESSO MILITAR";"PROCESSO CRIMINAL | Procedimento Especial | Deserção | Deserção de Praça"
"11099";"PROCEDIMENTOS PRÉ-PROCESSUAIS DE RESOLUÇÃO CONSENSUAL DE CONFLITOS";"PROCEDIMENTOS PRÉ-PROCESSUAIS DE RESOLUÇÃO CONSENSUAL DE CONFLITOS"
"11397";"PROCESSO CÍVEL E DO TRABALHO";"Processo de Conhecimento | Procedimento de Conhecimento | Procedimentos Especiais | Procedimentos Regidos por Outros Códigos, Leis Esparsas e Regimentos | Extinção das obrigações do falido"
"11398";"PROCESSO CRIMINAL";"Recursos | Recurso em sentido estrito/Recurso ex officio"
"11399";"EXECUÇÃO PENAL E DE MEDIDAS ALTERNATIVAS";"Execução de Medida de Segurança"
"11400";"PROCESSO CÍVEL E DO TRABALHO";"Recursos | Recursos Trabalhistas | Agravos | Agravo de Instrumento em Recurso Ordinário para o STF"
"11427";"PROCESSO ELEITORAL";"PROCESSO ELEITORAL"
"11525";"PROCESSO ELEITORAL";"Processos Cíveis-Eleitorais"
"11526";"PROCESSO ELEITORAL";"Processos Cíveis-Eleitorais | Ação de Impugnação de Mandato Eletivo"
"11527";"PROCESSO ELEITORAL";"Processos Cíveis-Eleitorais | Ação de Investigação Judicial Eleitoral"
"11528";"PROCESSO ELEITORAL";"Ação Penal Eleitoral"
"11529";"PROCESSO ELEITORAL";"Procedimentos Relativos a Realização de Eleição"
"11530";"PROCESSO ELEITORAL";"Procedimentos Relativos a Realização de Eleição | Apuração de Eleição"
"11531";"PROCESSO ELEITORAL";"Procedimentos Relativos a Realização de Eleição | Prestação de Contas"
"11532";"PROCESSO ELEITORAL";"Procedimentos Relativos a Realização de Eleição | Registro de Candidatura"
"11533";"PROCESSO ELEITORAL";"Procedimentos Relativos a Realização de Eleição | Recurso contra Expedição de Diploma"
"11534";"PROCESSO ELEITORAL";"Procedimentos Relativos a Partidos Políticos"
"11535";"PROCESSO ELEITORAL";"Procedimentos Relativos a Partidos Políticos | Cancelamento de Registro de Partido Político"
"11536";"PROCESSO ELEITORAL";"Procedimentos Relativos a Partidos Políticos | Propaganda Partidária"
"11537";"PROCESSO ELEITORAL";"Procedimentos Relativos a Partidos Políticos | Registro de Órgão de Partido Político em Formação"
"11538";"PROCESSO ELEITORAL";"Procedimentos Relativos a Realização de Eleição | Registro de Comitê Financeiro"
"11539";"PROCESSO ELEITORAL";"Procedimentos Relativos a Partidos Políticos | Registro de Partido Político"
"11540";"PROCESSO ELEITORAL";"Procedimentos Administrativos da Justiça Eleitoral"
"11541";"PROCESSO ELEITORAL";"Procedimentos Relativos a Realização de Eleição | Representação"
"11542";"PROCESSO ELEITORAL";"Procedimentos Administrativos da Justiça Eleitoral | Correição"
"11543";"PROCESSO ELEITORAL";"Procedimentos Administrativos da Justiça Eleitoral | Criação de Zona Eleitoral ou Remanejamento"
"11544";"PROCESSO ELEITORAL";"Procedimentos Administrativos da Justiça Eleitoral | Instrução"
"11545";"PROCESSO ELEITORAL";"Procedimentos Administrativos da Justiça Eleitoral | Lista Tríplice"
"11546";"PROCESSO ELEITORAL";"Procedimentos Administrativos da Justiça Eleitoral | Revisão de Eleitorado"
"11547";"PROCESSO ELEITORAL";"Recursos Eleitorais"
"11548";"PROCESSO ELEITORAL";"Recursos Eleitorais | Recurso Eleitoral"
"11549";"PROCESSO ELEITORAL";"Recursos Eleitorais | Recurso Especial Eleitoral"
"11550";"PROCESSO ELEITORAL";"Recursos Eleitorais | Recurso Ordinário Eleitoral"
"11551";"PROCESSO ELEITORAL";"Consulta"
"11552";"PROCESSO ELEITORAL";"Pedido de Desaforamento"
"11553";"PROCESSO MILITAR";"PROCESSO CRIMINAL | Procedimento Especial | Deserção | Instrução Provisória de Deserção"
"11555";"PROCESSO CÍVEL E DO TRABALHO";"Processo de Conhecimento | Procedimento de Conhecimento | Procedimentos Especiais | Procedimentos Regidos por Outros Códigos, Leis Esparsas e Regimentos | Suspensão de Liminar e de Sentença"
"11556";"PROCESSO CÍVEL E DO TRABALHO";"Processo de Conhecimento | Procedimento de Conhecimento | Procedimentos Especiais | Procedimentos Regidos por Outros Códigos, Leis Esparsas e Regimentos | Suspensão de Segurança Cível"
"11787";"PROCESSO CRIMINAL";"Questões e Processos Incidentes | Incidentes | Assistência Judiciária"
"11788";"PROCESSO CRIMINAL";"Questões e Processos Incidentes | Incidentes | Exibição de Documento ou Coisa Criminal"
"11789";"PROCESSO CRIMINAL";"Questões e Processos Incidentes | Incidentes | Impugnação ao Valor da Causa"
"11790";"PROCESSO CRIMINAL";"Questões e Processos Incidentes | Incidentes | Impugnação de Assistência Judiciária"
"11791";"PROCESSO CRIMINAL";"Questões e Processos Incidentes | Incidentes | Pedido de Uniformização de Interpretação de Lei Criminal"
"11793";"PROCESSO CRIMINAL";"Medidas Cautelares | Produção Antecipada de Provas Criminal"
"11794";"JUIZADOS DA INFÂNCIA E DA JUVENTUDE";"Seção Infracional | Restituição de Coisas Apreendidas Infracional"
"11798";"PROCESSO CRIMINAL";"Processo Especial | Processo Especial do Código de Processo Penal | Processo de Aplicação de Medida de Segurança Por Fato Não Criminoso"
"11799";"PROCESSO MILITAR";"PROCESSO CRIMINAL | Procedimentos Investigatórios | Instrução Provisória de Insubmissão"
"11800";"PROCESSO MILITAR";"PROCESSO CRIMINAL | Procedimentos Investigatórios | Instrução Provisória de Deserção"
"11875";"PROCEDIMENTOS PRÉ-PROCESSUAIS DE RESOLUÇÃO CONSENSUAL DE CONFLITOS";"Reclamação Pré-processual"
"11880";"SUPREMO TRIBUNAL FEDERAL";"Recurso Extraordinário com Agravo"
"11881";"SUPERIOR TRIBUNAL DE JUSTIÇA";"Agravo em Recurso Especial"
"11882";"PROCESSO CÍVEL E DO TRABALHO";"Recursos | Recursos Trabalhistas | Recurso de Revista com Agravo"
"11886";"PROCESSO CÍVEL E DO TRABALHO";"Recursos | Recursos Trabalhistas | Recurso Ordinário - Rito Sumaríssimo"
"11887";"PROCEDIMENTOS ADMINISTRATIVOS";"Acompanhamento de Cumprimento de Decisão"
"11888";"PROCEDIMENTOS ADMINISTRATIVOS";"Ato Normativo"
"11889";"PROCEDIMENTOS ADMINISTRATIVOS";"Nota Técnica"
"11890";"PROCEDIMENTOS ADMINISTRATIVOS";"Parecer de Mérito sobre Anteprojeto de Lei"
"11891";"PROCEDIMENTOS ADMINISTRATIVOS";"Procedimento de Controle Administrativo"
"11892";"PROCEDIMENTOS ADMINISTRATIVOS";"Revisão Disciplinar"
"11893";"PROCEDIMENTOS ADMINISTRATIVOS";"Reclamação para Garantia das Decisões"
"11894";"PROCEDIMENTOS ADMINISTRATIVOS";" Comissão"
"11953";"PROCEDIMENTOS ADMINISTRATIVOS";"Arguição de Suspeição e de Impedimento"
"11955";"PROCESSO CRIMINAL";"Medidas Cautelares | Cautelar Inominada Criminal"
"11956";"SUPERIOR TRIBUNAL DE JUSTIÇA";"Embargos de Divergência em Agravo em Recurso Especial"
"11957";"EXECUÇÃO PENAL E DE MEDIDAS ALTERNATIVAS";"Incidentes | Remição de Pena"
"11976";"JUIZADOS DA INFÂNCIA E DA JUVENTUDE";"Seção Infracional | Procedimentos Investigatórios | Pedido de Busca e Apreensão Infracional"
"12057";"PROCESSO ELEITORAL";"Recursos Eleitorais | Reexame Necessário Eleitoral"
"12058";"PROCESSO ELEITORAL";"Suspensão de Segurança"
"12059";"PROCESSO ELEITORAL";"Processos Cíveis-Eleitorais | Suspensão de Segurança - Eleitoral"
"12060";"PROCESSO ELEITORAL";"Processos Cíveis-Eleitorais | Exceção"
"12061";"PROCESSO ELEITORAL";"Processos Cíveis-Eleitorais | Ação Cautelar"
"12070";"JUIZADOS DA INFÂNCIA E DA JUVENTUDE";"Seção Cível | Processo de Conhecimento | Pedido de Medida de Proteção"
"12071";"JUIZADOS DA INFÂNCIA E DA JUVENTUDE";"Seção Infracional | Procedimentos Cautelares"
"12072";"JUIZADOS DA INFÂNCIA E DA JUVENTUDE";"Seção Infracional | Procedimentos Cautelares | Busca e Apreensão Infracional"
"12073";"JUIZADOS DA INFÂNCIA E DA JUVENTUDE";"Seção Infracional | Procedimentos Cautelares | Internação Provisória"
"12074";"JUIZADOS DA INFÂNCIA E DA JUVENTUDE";"Seção Infracional | Procedimentos Cautelares | Pedido De Desinternação/Reavaliação/Substituição/Suspensão da Medida"
"12075";"PROCESSO CÍVEL E DO TRABALHO";"Outros Procedimentos | Incidentes | Procedimento Conciliatório"
"12076";"JUIZADOS DA INFÂNCIA E DA JUVENTUDE";"Seção Cível | Processo de Conhecimento | Restabelecimento do Poder Familiar"
"12077";"PROCESSO CRIMINAL";"Questões e Processos Incidentes | Incidentes | Homologação em Acordo de Colaboração Premiada"
"12078";"PROCESSO CÍVEL E DO TRABALHO";"Processo de Conhecimento | Procedimento de Cumprimento de Sentença/Decisão | Cumprimento de Sentença contra a Fazenda Pública"
"12079";"PROCESSO CÍVEL E DO TRABALHO";"Processo de Execução | Execução de Título Extrajudicial | Execução de Título Extrajudicial contra a Fazenda Pública"
"12080";"PROCESSO CÍVEL E DO TRABALHO";"Outros Procedimentos | Incidentes | Incidente de Impedimento Cível"
"12081";"PROCESSO CÍVEL E DO TRABALHO";"Outros Procedimentos | Incidentes | Incidente de Suspeição Cível"
"12082";"PROCESSO CÍVEL E DO TRABALHO";"Outros Procedimentos | Cartas | Carta Arbitral"
"12083";"PROCESSO CÍVEL E DO TRABALHO";"Processo Cautelar | Tutela Antecipada Antecedente"
"12084";"PROCESSO CÍVEL E DO TRABALHO";"Processo Cautelar | Tutela Cautelar Antecedente"
"12085";"PROCESSO CÍVEL E DO TRABALHO";"Outros Procedimentos | Incidentes | Incidente de Resolução de Demandas Repetitivas"
"12086";"PROCESSO CÍVEL E DO TRABALHO";"Processo de Conhecimento | Procedimento de Conhecimento | Procedimentos Especiais | Procedimentos Especiais de Jurisdição Contenciosa | Dissolução Parcial de Sociedade"
"12087";"PROCESSO CÍVEL E DO TRABALHO";"Outros Procedimentos | Incidentes | Incidente de Assunção de Competência"
"12088";"PROCESSO CÍVEL E DO TRABALHO";"Processo de Conhecimento | Procedimento de Liquidação | Liquidação Provisória de Sentença pelo Procedimento Comum"
"12089";"EXECUÇÃO PENAL E DE MEDIDAS ALTERNATIVAS";"Incidentes | Renovação de Permanência em Estabelecimento Penal Federal"
"12117";"SUPREMO TRIBUNAL FEDERAL";"Suspensão do Incidente de Resolução de Demandas Repetitivas"
"12118";"SUPERIOR TRIBUNAL DE JUSTIÇA";"Suspensão em Incidente de Resolução de Demandas Repetitivas"
"12119";"PROCESSO CÍVEL E DO TRABALHO";"Outros Procedimentos | Incidentes | Incidente de Desconsideração de Personalidade Jurídica"
"12120";"JUIZADOS DA INFÂNCIA E DA JUVENTUDE";"Seção Infracional | Agravo em Execução de Medidas Sócio-Educativas"
"12121";"PROCESSO CRIMINAL";"Procedimentos Investigatórios | Auto de Prisão"
"12122";"PROCESSO CRIMINAL";"Processo Especial | Processo Especial de Leis Esparsas | Reclamação Criminal"
"12123";"EXECUÇÃO PENAL E DE MEDIDAS ALTERNATIVAS";"Incidentes | Roteiro de Pena"
"12124";"EXECUÇÃO PENAL E DE MEDIDAS ALTERNATIVAS";"Incidentes | Roteiro de Pena"
"12125";"EXECUÇÃO PENAL E DE MEDIDAS ALTERNATIVAS";"Incidentes | Progressão de Regime"
"12126";"EXECUÇÃO PENAL E DE MEDIDAS ALTERNATIVAS";"Incidentes | Regressão de Regime"
"12127";"EXECUÇÃO PENAL E DE MEDIDAS ALTERNATIVAS";"Incidentes | Remição"
"12128";"EXECUÇÃO PENAL E DE MEDIDAS ALTERNATIVAS";"Incidentes | Livramento Condicional"
"12129";"EXECUÇÃO PENAL E DE MEDIDAS ALTERNATIVAS";"Incidentes | Outros Incidentes de Execução Iniciados de Ofício"
"12132";"PROCESSO CÍVEL E DO TRABALHO";"Outros Procedimentos | Incidentes Trabalhistas | Incidente de Julgamento de Recurso de Revista e de Embargos Repetitivos"
"12133";"PROCESSO CÍVEL E DO TRABALHO";"Tutela Provisória de Urgência e Tutela Provisória de Evidência"
"12134";"PROCESSO CÍVEL E DO TRABALHO";"Tutela Provisória de Urgência e Tutela Provisória de Evidência | Tutela Cautelar Antecedente"
"12135";"PROCESSO CÍVEL E DO TRABALHO";"Tutela Provisória de Urgência e Tutela Provisória de Evidência | Tutela Antecipada Antecedente"
"12136";"PROCEDIMENTOS PRÉ-PROCESSUAIS DE RESOLUÇÃO CONSENSUAL DE CONFLITOS";"Pedido de Mediação Pré-Processual"
"12137";"PROCESSO CÍVEL E DO TRABALHO";"Processo de Conhecimento | Procedimento de Conhecimento | Procedimentos Especiais | Procedimentos Regidos por Outros Códigos, Leis Esparsas e Regimentos | Requerimento de Apreensão de Veículo"
"12138";"PROCESSO CÍVEL E DO TRABALHO";"Processo de Conhecimento | Procedimento de Conhecimento | Procedimentos Especiais | Procedimentos Regidos por Outros Códigos, Leis Esparsas e Regimentos | Requerimento de Reintegração de Posse"
"12139";"PROCESSO CÍVEL E DO TRABALHO";"Outros Procedimentos | Atos e expedientes | Contestação em Foro Diverso"
"12153";"PROCESSO CÍVEL E DO TRABALHO";"Outros Procedimentos | Incidentes | Embargos Parciais à Ação Monitória"
"12154";"PROCESSO CÍVEL E DO TRABALHO";"Processo de Execução | Execução de Título Extrajudicial | Execução de Título Extrajudicial"
"12190";"SUPREMO TRIBUNAL FEDERAL";"Suspensão Nacional do Incidente de Resolução de Demandas Repetitivas"
"12191";"SUPREMO TRIBUNAL FEDERAL";"Tutela Provisória Antecedente"
"12192";"SUPREMO TRIBUNAL FEDERAL";"Tutela Provisória Incidental"
"12193";"PROCESSO ELEITORAL";"Procedimentos Relativos a Realização de Eleição | Prestação de Contas Eleitorais"
"12226";"PROCESSO CÍVEL E DO TRABALHO";"Processo de Conhecimento | Procedimento de Conhecimento | Procedimentos Especiais | Procedimentos Especiais de Jurisdição Voluntária | Notificação"
"12227";"PROCESSO CÍVEL E DO TRABALHO";"Processo de Conhecimento | Procedimento de Conhecimento | Procedimentos Especiais | Procedimentos Especiais de Jurisdição Voluntária | Interpelação"
"12228";"PROCESSO CÍVEL E DO TRABALHO";"Processo de Conhecimento | Procedimento de Conhecimento | Procedimentos Especiais | Procedimentos Especiais de Jurisdição Voluntária | Protesto"
"12229";"PROCESSO CÍVEL E DO TRABALHO";"Processo de Conhecimento | Procedimento de Conhecimento | Procedimentos Especiais | Procedimentos Especiais de Jurisdição Voluntária | Protesto formado a bordo"
"12230";"JUIZADOS DA INFÂNCIA E DA JUVENTUDE";"Seção Cível | Processo de Conhecimento | Guarda c/c destituição do poder familiar"
"12231";"PROCESSO CÍVEL E DO TRABALHO";"Processo de Conhecimento | Procedimento de Cumprimento de Sentença/Decisão | Cumprimento de sentença - Lei Arbitral (Lei 9.307/1996)"
"12232";"PROCESSO CÍVEL E DO TRABALHO";"Outros Procedimentos | Ação de Partilha"
"12233";"PROCESSO CÍVEL E DO TRABALHO";"Processo de Conhecimento | Procedimento de Conhecimento | Procedimentos Especiais | Procedimentos Especiais de Jurisdição Voluntária | Tutela Cível"
"12234";"PROCESSO CÍVEL E DO TRABALHO";"Processo de Conhecimento | Procedimento de Conhecimento | Procedimentos Especiais | Procedimentos Especiais de Jurisdição Voluntária | Curatela"
"12246";"PROCESSO CÍVEL E DO TRABALHO";"Processo de Conhecimento | Procedimento de Cumprimento de Sentença/Decisão | Cumprimento de Sentença de Obrigação de Prestar Alimentos"
"12247";"PROCESSO CÍVEL E DO TRABALHO";"Processo de Execução | Execução de Título Extrajudicial | Execução Extrajudicial de Alimentos"
"12248";"PROCEDIMENTOS ADMINISTRATIVOS";"Pedido de Cooperação Jurisdicional"
"12249";"SUPREMO TRIBUNAL FEDERAL";"Suspensão em IRDR"
"12250";"SUPERIOR TRIBUNAL DE JUSTIÇA";"Suspensão em IRDR"
"12251";"PROCESSO CÍVEL E DO TRABALHO";"Processo de Execução | Execução de Título Judicial | Execução de Título Judicial - CEJUSC"
"12357";"PROCESSO CÍVEL E DO TRABALHO";"Outros Procedimentos | Atos e expedientes | Pedido de Efeito Suspensivo à Apelação"
"12369";"PROCESSO CÍVEL E DO TRABALHO";"Processo de Conhecimento | Procedimento de Conhecimento | Procedimentos Especiais | Procedimentos Especiais de Jurisdição Voluntária | Tomada de Decisão Apoiada"
"12370";"PROCESSO CÍVEL E DO TRABALHO";"Processo de Conhecimento | Procedimento de Conhecimento | Procedimentos Especiais | Procedimentos Regidos por Outros Códigos, Leis Esparsas e Regimentos | Tomada de Decisão Apoiada"
"12371";"PROCESSO CÍVEL E DO TRABALHO";"Processo de Conhecimento | Procedimento de Conhecimento | Procedimentos Especiais | Procedimentos Especiais de Jurisdição Voluntária | Alteração de Regime de Bens"
"12372";"PROCESSO CÍVEL E DO TRABALHO";"Processo de Conhecimento | Procedimento de Conhecimento | Procedimentos Especiais | Procedimentos Especiais de Jurisdição Voluntária | Divórcio Consensual"
"12373";"PROCESSO CÍVEL E DO TRABALHO";"Processo de Conhecimento | Procedimento de Conhecimento | Procedimentos Especiais | Procedimentos Especiais de Jurisdição Voluntária | Divórcio Litigioso"
"12374";"PROCESSO CÍVEL E DO TRABALHO";"Processo de Conhecimento | Procedimento de Conhecimento | Procedimentos Especiais | Procedimentos Especiais de Jurisdição Voluntária | Homologação da Transação Extrajudicial"
"12375";"PROCESSO CÍVEL E DO TRABALHO";"Processo de Conhecimento | Procedimento de Conhecimento | Procedimentos Especiais | Procedimentos Especiais de Jurisdição Contenciosa | Reclamação"
"12376";"PROCESSO CÍVEL E DO TRABALHO";"Processo de Conhecimento | Procedimento de Conhecimento | Procedimentos Especiais | Procedimentos Especiais de Jurisdição Contenciosa | Regulação de Avaria Grossa"
"12377";"PROCESSO ELEITORAL";"Procedimentos Relativos a Partidos Políticos | Prestação de Contas Anual"
"12386";"JUIZADOS DA INFÂNCIA E DA JUVENTUDE";"Seção Cível | Incidentes | Incidente de Impedimento Infância e Juventude"
"12388";"JUIZADOS DA INFÂNCIA E DA JUVENTUDE";"Seção Cível | Incidentes | Incidente de Suspeição Infância e Juventude"
"12389";"PROCESSO CÍVEL E DO TRABALHO";"Processo de Conhecimento | Procedimento de Conhecimento | Procedimentos Especiais | Procedimentos Regidos por Outros Códigos, Leis Esparsas e Regimentos | Ação de Partilha"
"12390";"PROCESSO CÍVEL E DO TRABALHO";"Processo de Conhecimento | Procedimento de Conhecimento | Procedimentos Especiais | Procedimentos Regidos por Outros Códigos, Leis Esparsas e Regimentos | ação de partilha"
"12391";"PROCESSO CÍVEL E DO TRABALHO";"Outros Procedimentos | Incidentes Trabalhistas | Incidente de Uniformização de Jurisprudência"
"12394";"PROCESSO CRIMINAL";"Processo Especial | Processo Especial do Código de Processo Penal | Revisão Criminal"
"12423";"JUIZADOS DA INFÂNCIA E DA JUVENTUDE";"Seção Infracional | Procedimentos Cautelares | Medidas Protetivas de Urgência (Lei Maria da Penha) Infracional"
"12424";"JUIZADOS DA INFÂNCIA E DA JUVENTUDE";"Seção Infracional | Procedimentos Cautelares | Medidas Protetivas - Estatuto do Idoso Infracional"
"12464";"PROCESSO ELEITORAL";"Corregedoria Eleitoral"
"12465";"PROCESSO ELEITORAL";"Corregedoria Eleitoral | Petição Corregedoria"
"12466";"PROCESSO ELEITORAL";"Corregedoria Eleitoral | Inquérito Administrativo"
"12541";"PROCESSO CÍVEL E DO TRABALHO";"Processo de Conhecimento | Procedimento de Conhecimento | Procedimentos Especiais | Procedimentos Especiais de Jurisdição Contenciosa | Divórcio Litigioso"
"12549";"PROCESSO ELEITORAL";"Procedimentos Administrativos da Justiça Eleitoral | Cancelamento de Inscrição Eleitoral (CIE)"
"12550";"PROCESSO ELEITORAL";"Procedimentos Relativos a Realização de Eleição | Composição de Mesa Receptora"
"12551";"PROCESSO ELEITORAL";"Procedimentos Administrativos da Justiça Eleitoral | Descarte de Material"
"12552";"PROCESSO ELEITORAL";"Direitos Políticos"
"12553";"PROCESSO ELEITORAL";"Procedimentos Administrativos da Justiça Eleitoral | Duplicidade/Pluralidade de Inscrições - Coincidências"
"12554";"PROCESSO ELEITORAL";"Procedimentos Relativos a Partidos Políticos | Filiação Partidária"
"12555";"PROCESSO ELEITORAL";"Procedimentos Relativos a Realização de Eleição | Impugnação à Composição de Junta Eleitoral"
"12556";"PROCESSO ELEITORAL";"Procedimentos Relativos a Realização de Eleição | Impugnação Perante as Juntas Eleitorais"
"12557";"PROCESSO ELEITORAL";"Procedimentos Administrativos da Justiça Eleitoral | Recurso/Impugnação de Alistamento Eleitoral"
"12558";"PROCESSO ELEITORAL";"Procedimentos Relativos a Realização de Eleição | Registro de Debates"
"12559";"PROCESSO ELEITORAL";"Procedimentos Administrativos da Justiça Eleitoral | Regularização de Situação do Eleitor"
"12560";"PROCESSO ELEITORAL";"Procedimentos Relativos a Partidos Políticos | Lista de Apoiamento para Criação de Partido Político"
"12561";"PROCESSO ELEITORAL";"Procedimentos Relativos a Realização de Eleição | Notícia de Irregularidade em Propaganda Eleitoral"
"12562";"PROCESSO ELEITORAL";"Procedimentos Administrativos da Justiça Eleitoral | PET-ADM"
"12613";"PROCEDIMENTOS PRÉ-PROCESSUAIS DE RESOLUÇÃO CONSENSUAL DE CONFLITOS";"Pedido de Conciliação Pré-Processual"
"12625";"PROCESSO ELEITORAL";"Procedimentos Relativos a Realização de Eleição | Direito de Resposta"
"12626";"PROCESSO ELEITORAL";"Recursos Eleitorais | Agravo em Recurso Especial Eleitoral"
"12627";"PROCESSO ELEITORAL";"Processos Cíveis-Eleitorais | Ação Rescisória Eleitoral"
"12628";"PROCESSO ELEITORAL";"Procedimentos Relativos a Partidos Políticos | Ação de Justificação de Desfiliação Partidária/Perda de Cargo Eletivo"
"12629";"PROCESSO ELEITORAL";"Procedimentos Relativos a Partidos Políticos | Pedido de Novas Eleições"
"12630";"PROCESSO ELEITORAL";"Procedimentos Relativos a Realização de Eleição | Representação Especial"
"12631";"PROCESSO ELEITORAL";"Procedimentos Relativos a Partidos Políticos | Requerimento de Regularização de Omissão de Prestação de Contas Anual"
"12632";"PROCESSO ELEITORAL";"Procedimentos Relativos a Partidos Políticos | Requerimento de Regularização de Omissão de Prestação de Contas Anual"
"12633";"PROCESSO ELEITORAL";"Procedimentos Relativos a Realização de Eleição | Requerimento de Regularização de Omissão de Prestação de Contas Eleitorais"
"12727";"EXECUÇÃO PENAL E DE MEDIDAS ALTERNATIVAS";"Execução de Pena de Multa"
"12728";"EXECUÇÃO PENAL E DE MEDIDAS ALTERNATIVAS";"Transferência Entre Estabelecimentos Penais"
"12729";"EXECUÇÃO PENAL E DE MEDIDAS ALTERNATIVAS";"Execução de Medidas Alternativas"
"12760";"PROCESSO CÍVEL E DO TRABALHO";"Recursos | Recursos Trabalhistas | Recurso de Julgamento Parcial "
"12761";"PROCESSO CÍVEL E DO TRABALHO";"Processo de Conhecimento | Procedimento de Conhecimento | Procedimentos Especiais | Procedimentos Especiais de Jurisdição Contenciosa | Homologação do Penhor Legal"
"12762";"PROCESSO CÍVEL E DO TRABALHO";"Processo de Conhecimento | Procedimento de Conhecimento | Procedimentos Especiais | Procedimentos Especiais de Jurisdição Voluntária | Extinção Consensual de União Estável"
"12763";"PROCESSO CÍVEL E DO TRABALHO";"Processo de Conhecimento | Procedimento de Conhecimento | Procedimentos Especiais | Procedimentos Especiais de Jurisdição Contenciosa | Reconhecimento e Extinção de União Estável"
"12764";"PROCESSO CÍVEL E DO TRABALHO";"Processo de Conhecimento | Procedimento de Conhecimento | Procedimentos Especiais | Procedimentos Especiais de Jurisdição Contenciosa | Separação Contenciosa"
"12775";"SUPREMO TRIBUNAL FEDERAL";"Ação Direta de Inconstitucionalidade por Omissão"
"12776";"SUPREMO TRIBUNAL FEDERAL";"Arguição de Impedimento"
"12777";"SUPREMO TRIBUNAL FEDERAL";"Exceção de Incompetência"
"12778";"SUPREMO TRIBUNAL FEDERAL";"Exceção de Litispendência"
"12779";"SUPREMO TRIBUNAL FEDERAL";"Proposta de Súmula Vinculante"
"12780";"SUPREMO TRIBUNAL FEDERAL";"Admissão de Assistente"
"12781";"SUPREMO TRIBUNAL FEDERAL";"Impugnação ao Valor da Causa"
"12782";"SUPREMO TRIBUNAL FEDERAL";"Incidente de Falsidade"
"12783";"SUPREMO TRIBUNAL FEDERAL";"Oposição"
"12784";"SUPREMO TRIBUNAL FEDERAL";"Suspeição de Perito"
"12785";"SUPREMO TRIBUNAL FEDERAL";"Embargos à Execução"
"12786";"SUPREMO TRIBUNAL FEDERAL";"Cumprimento de Sentença"
"12787";"SUPREMO TRIBUNAL FEDERAL";"Cumprimento de Sentença | Execução contra a Fazenda Pública"
"12788";"SUPREMO TRIBUNAL FEDERAL";"Execução contra a Fazenda Pública"
"12789";"SUPREMO TRIBUNAL FEDERAL";"Execução de Pena"
"12790";"SUPREMO TRIBUNAL FEDERAL";"Extensão"
"12791";"SUPREMO TRIBUNAL FEDERAL";"Incidente de Assunção de Competência"
